id	name	code1	Завод	Закуп1	Закуп2	price1	price1_name	price2	price2_name	price3	price3_name	price4	price4_name	price5	price5_name	price6	price6_name	lk1	lk2	lk3	lk4	cat	cat2	url	path	ord	code2	code3	4310	4326	43114	43118	43261	4350	6450	prim	prim2	закуп	img_path	img1	img2	img3	img4	img5	img6	par1	text1	par2	text2	par3	text3	w	h	l	m	desc	Comment	desc1
3	Двигатель КамАЗ 740.10-210 / Евро-0	740-1000400 	787	1 081	1253,96	-	<b>РемДизель, новый, под заказ 3-5 недель</b>, гарантия ПАО КАМАЗ	1 295 874	ПАО КАМАЗ, в наличии	495 050	<b>кап.ремонт</b>, гар.6 мес.,в наличии, блок ремонтный, коленвал 1,1		сборка 'под новый', гар.12мес., срок 7-12дн.									Двигатели		dvigatel_kamaz_740_10_evro-0	/agregaty/dvigateli/		74009.1000400									КамАЗ-4310, 43101, 54112, 5320, 53212, 5410, 54112, 55102, 55511; Урал-4320; ЗИЛ-133; АГМС.			/agregaty/dvigateli/img/	dvigatel_740.10_evro-0_1.jpg	dvigatel_740.10_evro-0_3.jpg			dvigatel_740.10_evro-0_5.jpg		Мощность	210	КПП	14, 142, 15, 152			0.893	1.007	1.15	750	4-тактный 8-цилиндровый V-образный дизель. Первый мотор КамАЗа.	Топливная аппаратура: ЯЗДА 334.1111005, рабочий объем 10,85 л., Модификации: 740.1000312, 740.1000412, 740.1000412-20, 740.1000512-20	
5	Двигатель КамАЗ 7403.10-260 / Турбо Евро-0	7403.1000400	889	1 133		1 223 000	<b>РемДизель, новый, под заказ 3-5 недель</b>, гарантия ПАО КАМАЗ	1 276 252	ПАО КАМАЗ, под заказ, срок  2-3 мес.	575 034	<b>кап.ремонт</b>, гар.6 мес., срок 5-12дн.,		сборка 'под новый', гар.12мес., срок 7-12дн.									Двигатели		dvigatel_kamaz_7403_10_turbo	/agregaty/dvigateli/											КамАЗ-4310, 43118, 5320, 5410, 55102, 5511			/agregaty/dvigateli/img/	7403.10-260_turbo_remdizel.png						Мощность	260	КПП	14, 142, 15, 152	Турбокомпрессор	ТКР 7Н1	0.9	1.10	1.16	780	Первое поколение турбированных двигателей КамАЗ. Показал хорошо себя в сложных дорожных условиях. Двигатель также устанавливался на ЗИЛ и Урал, БТР-70М, БТР-70 и серийные БТР-80. Двигатель для КАМАЗ-4310 - главным отличием от предшественника стало добавление турбин, изменение поршневой группы и изменения в системе охлаждения.  Модифицированный двигатель позволил извлечь большую мощность и уменьшить расход топлива.  Двигатель зарекомендовал себя как неприхотливый в эксплуатации и недорогой в ремонте.	Топливная аппаратура: ЯЗДА 334.1111005. Модицикации: 7403.1000302, 7403.1000312-04	
4	Двигатель КамАЗ 740.11-240 / Евро-1	740.11-1000400	1092	1 224		-	<b>РемДизель, новый, под заказ 3-5 недель</b>, гарантия ПАО КАМАЗ	1 396 000	ПАО КАМАЗ, в наличии	682 000	<b>кап.ремонт</b>, гар.6 мес., под заказ 8-12 дней		сборка 'под новый', гар.12мес., срок 7-12дн.									Двигатели		dvigatel_kamaz_740_11-240_evro-1	/agregaty/dvigateli/											КамАЗ: 65115, 53205, 55111, 54115 и другие модели			/agregaty/dvigateli/img/	dvigatel_740.11_evro-1_2.png	dvigatel_740.11_evro-1_1.png	740.11_10.jpg		dvigatel_740.11_evro-1_0.png		Мощность	240	КПП	14, 142, 15, 152	Турбокомпрессор	ТКР 7Н1 / 7С6	0.908	0.965	1.103	842	Комплектация: генератор, обводные ремни, компрессор 53205, насос ГУР 4310, кулиса с ручкой	Топливная аппаратура: ЯЗДА 337.1111005-42.08	
6	Двигатель КамАЗ 740.13-260 / Евро-1	740.13-1000400	1125	1 222		1 275 000	<b>новый</b> РемДизель, гарантия завода, под заказ 3-5 недель	1 380 380	ПАО КАМАЗ, под заказ, срок  1-3 мес.	724 000	<b>кап.ремонт</b>, гар.6 мес., срок 10 дней		сборка 'под новый', гар.12мес., срок 7-12дн.									Двигатели		dvigatel_kamaz_740_13-260_evro-1	/agregaty/dvigateli/											КамАЗ-43114, 43118, 65115, 54115, 53215, 53229 и др.			/agregaty/dvigateli/img/	dvigatel_740.13_evro-1_1.png	dvigatel_740.13_evro-1_2.png	740.13_10.jpg	740.13_11.jpg	dvigatel_740.13_evro-1_0.png		Мощность	260	КПП	14, 142, 15, 152	Турбокомпрессор	ТКР 7С6	0.908	0.965	1.103	842	Модифицированная версия двигателя 740.11,  один из первых двигателей класса евро 1, турбированный. Двигатель часто используется для энергоустановок и тяжелых кранов	Топливная аппаратура: ЯЗДА 334.1111005. 	
7	Двигатель КамАЗ 740.30-260 / Евро-2	740.30-1000400	1282	1 370		1 350 000	<b>новый, в наличии</b>, c хранения, без документов, гарантия 6 мес. 	1 595 000	<b>ПАО КАМАЗ</b>, под заказ 2-5 мес., по предоплате 100%	1 455 000	<b>РемДизель, новый</b> , гарантия завода, под заказ 3-5 недель	875 000	<b>кап.ремонт</b>, гар.6 мес., срок 6-9 дней, блок стандарт, коленвал стандарт (либо 0.25 межремонт) 									Двигатели		dvigatel_kamaz_740_30-260_evro-2	/agregaty/dvigateli/											КамАЗ-43118, 65115, 65117, 65111			/agregaty/dvigateli/img/	dvigatel_740.30_evro-2_1.jpg	dvigatel_740.30_evro-2_2.jpg	dvigatel_740.30_evro-2_1.png	dvigatel_740.30_evro-2_2.png	dvigatel_740.30_740.31_740.50_schema_16.jpg		Мощность	260	КПП		Турбокомпрессор	ТКР 7С6 или К-27-145 «CZ» Чехия	0.908	1.05	1.294	865	Под интеркулер, MFZ сцепление, с турбонаддувом и ОНВ. 	Топливная аппаратура: ЯЗДА 3371-1111005-20 или Bosch 0402648611	
8	Двигатель КамАЗ 740.31-240 / Евро-2 (2-диск.сц)	740.31-1000400	1156	1 311		1 443 000	<b>РемДизель, новый, в наличии</b> , гарантия завода	1 595 000	<b>ПАО КАМАЗ, в наличии</b> паспорт, первичн., 740.31-1000400-30			875 000	<b>кап.ремонт</b>, гар.6 мес., срок 6-9 дней, блок стандарт, коленвал стандарт (либо 0.25 межремонт) 									Двигатели		dvigatel_kamaz_740_31-240_evro-2	/agregaty/dvigateli/											КамАЗ-54115, 55111, 43253, 53215, 53228, 53229, 43118			/agregaty/dvigateli/img/	740.31_12.jpg	740.31_11.jpg	740.31_15.jpg	dvigatel_740.30_740.31_740.50_schema_16.jpg	dvigatel_740.31_evro-2_1.png		Мощность	240	КПП	142, 152	Турбокомпрессор	ТКР 7С6, аналог - К-27-145 «CZ» Чехия	0.908	1.05	1.194	865	Евро-2, под интеркулер, 142 сцепление, с турбонаддувом и ОНВ. 	Топливная аппаратура: ЯЗДА 3371-1111005-20.05 либо Bosch 0402648608	
9	Двигатель КамАЗ 740.31А-240 / Евро-2 Автобус (1-диск.сц)	740.31А-1000400						1 638 200	<b>ПАО КАМАЗ</b>, под заказ 2-5 мес., по предоплате 100%			875 000	<b>кап.ремонт</b>, гар.6 мес., срок 6-9 дней, блок стандарт, коленвал стандарт (либо 0.25 межремонт) 									Двигатели	new	dvigatel_kamaz_740_31-240_avtobus_nefaz_evro-2	/agregaty/dvigateli/											КАМАЗ, Нефаз			/agregaty/dvigateli/img/	dvigatel_kamaz_740_31-240_avtobus_nefaz_evro-2_1.jpg	740.31_12.jpg	740.31_15.jpg				Мощность	240	КПП	142, 152	Турбокомпрессор	ТКР 7С6, аналог - К-27-145 «CZ» Чехия	0.908	1.05	1.194	865			
10	Двигатель КамАЗ 740.50-360 / Евро-2	740.50-1000400	1309	1 418			<b>в наличии - новый, собств. сборка из всего нового и оригинального</b> гарантия	1 678 000	<b>ПАО КАМАЗ</b>, под заказ 2-5 мес., по предоплате 100%	1 510 000	<b>РемДизель, новый</b> , гарантия завода, под заказ 3-5 недель	920 000	<b>кап.ремонт</b>, гар.6 мес., срок 6-9 дней, блок стандарт, коленвал стандарт (либо 0.25 межремонт) 									Двигатели		dvigatel_kamaz_740_50-360_evro-2-3	/agregaty/dvigateli/											КамАЗ-6520, тягачи 6460, 5460			/agregaty/dvigateli/img/	dvigatel_740.50_evro-2-pao-kamaz_0.jpg	dvigatel_740.50_evro-2-pao-kamaz_1.jpg	dvigatel_740.50_evro-2-pao-kamaz_2.jpg	dvigatel_740.50_evro-2-pao-kamaz_3.jpg	dvigatel_740.50_evro-3_1.jpg	dvigatel_740.50_evro-3_2.jpg	Мощность	360	КПП	с однодисковым сцеплением (КП 154, ZF)	Турбокомпрессор	ТКР 7С6 или К-27-145 «CZ» Чехия	0.908	1.05	1.212	885	8-цилиндровый дизельный мотор для самосвалов и тягачей. Мотор оснащён системой охлаждения надувочного насоса типа «водух-воздух».	Топливная аппаратура: Bosch, ЯЗДА	
11	Двигатель КамАЗ 740.51-320 / Евро-2	740.51-1000400	1300	1 420		1 498 000	<b>РемДизель, новый</b>, гарантия ПАО КАМАЗ, под заказ 3-5 недель	1 725 450	<b>ПАО КАМАЗ</b>, под заказ 2-5 мес., по предоплате 100%			920 000	<b>кап.ремонт</b>, гар.6 мес., срок 6-9 дней, блок стандарт, коленвал стандарт (либо 0.25 межремонт) 									Двигатели		dvigatel_kamaz_740_51-320_evro-2-3	/agregaty/dvigateli/											КамАЗ 6520, 6522			/agregaty/dvigateli/img/	dvigatel_740.51_evro-3_1.png	dvigatel_740.51_evro-3_2.png	dvigatel_740.51_evro-3_3.png	dvigatel_740.51_evro-3_4.png	dvigatel_740.50_evro-3_0.jpg		Мощность	320	КПП	с однодисковым сцеплением (КП 154, ZF)			0.908	1.05	1.212	885	Выпускается с 2002 года. Двигатель КАМАЗ 320 лс зарекомендовал себя неприхотливым и выносливым.	Топливная аппаратура: Bosch, ЯЗДА ТНВД ЯЗДА 337-20.03	
12	Двигатель КамАЗ 740.55-300 / Евро-2	740.55-1000400	1292	1 423		1 590 000	<b>РемДизель, новый, в наличии</b>, на вездеход, гарантия ПАО КАМАЗ, 	1 734 790	<b>ПАО КАМАЗ</b>, под заказ 2-5 мес., по предоплате 100%			920 000	<b>кап.ремонт</b>, гар.6 мес., срок 6-9 дней, блок стандарт, коленвал стандарт (либо 0.25 межремонт) 									Двигатели	new	dvigatel_kamaz_740_55-300_evro-3	/agregaty/dvigateli/														/agregaty/dvigateli/img/	740.51_11.jpg	740.51_12.jpg	dvigatel_740.55_evro-3_3.png	740.51_14.jpg			Мощность	300	КПП	с однодисковым сцеплением (КП 154, ZF 8S, ZF 9S, ZF 16S)	Турбокомпрессор	ТКР 7С6 или К-27-145 CZ Чехия	0.908	1.05	1.212	885	Под заказ собираем модификации двигателя КАМАЗ ЕВРО-2 740.55 300 л.с.	Топливная аппаратура: ТНВД 33720-04,  форсунки 27350	
13	Двигатель КамАЗ 740.62-280 / Евро-3	740.62-1000400	1661	1 861			РемДизель, под заказ, гарантия заводская	2 048 150	<b>ПАО КАМАЗ</b>, под заказ 2-5 мес., по предоплате 100%			1 015 500	<b>кап.ремонт</b>, гар.6 мес., срок 6-9 дней, блок стандарт, коленвал стандарт (либо 0.25 межремонт) 									Двигатели		dvigatel_kamaz_740_62-280_evro-3	/agregaty/dvigateli/											КАМАЗ 65111, 6540, 65115(c 2008 г.), 65116, 65117			/agregaty/dvigateli/img/	dvigatel_kamaz_740.62_evro-4_2.jpg		dvigatel_kamaz_740.63-400_evro-3_1.jpg		dvigatel_kamaz_evro-4_1.jpg		Мощность	280	КПП	с однодисковым сцеплением (КП 154, ZF)	Турбокомпрессор	ТКР 7С6, К-27-145-CZ Чехия	0.93	1.05	1.26	885	Это серия двигателей, выпуск которых начался в 2005 году, Используется на тяжёлых самосвалах производства ОАО «КАМАЗ». Возможность доукомплектовать коробкой передач 154, ZF-8S, ZF-9S, ZF-16S.	ТНВД Bosch 0402698818	
15	Двигатель КамАЗ 740.60-360 / Евро-3	740.60-1000400-91	1504			1 486 000	<b>в наличии новый, демонтаж</b>, пробег 900 км.	2 032 590	<b>ПАО КАМАЗ</b>, под заказ 2-5 мес., по предоплате 100%			1 087 000	<b>кап.ремонт</b>, гар.6 мес., срок 6-9 дней, блок стандарт, коленвал стандарт (либо 0.25 межремонт) 									Двигатели	new	dvigatel_kamaz_740_60-360_evro-3	/agregaty/dvigateli/											КАМАЗ 65111, 65115, 65116, 65117, 6540 и другие			/agregaty/dvigateli/img/	dvigatel_kamaz_740.63-400_evro-3_1.jpg				dvigatel_kamaz_evro-4_1.jpg		Мощность	360					0.93	1.05	1.26	885	Дизельный восьмицилиндровый двигатель КАМАЗ 740.60-360 мощностью 360 л.с. экологического стандарта Евро-3, с турбонаддувом, ОНВ и электронным управлением.	Топливная аппаратура: ЯЗДА 337-42, форсунка 273-51 (с 5-ти соплами)	
17	Двигатель КамАЗ 740.61-320 / Евро-3	740.61-1000400-91	1300			1 375 000	С консервации на заводе. 2014 г.в. Гарантия 6 мес. в наличии.	1 735 600	<b>ПАО КАМАЗ</b>, под заказ 2-5 мес., по предоплате 100%			1 087 000	<b>кап.ремонт</b>, гар.6 мес., срок 6-9 дней, блок стандарт, коленвал стандарт (либо 0.25 межремонт) 									Двигатели	new	dvigatel_kamaz_740_61-320_evro-3	/agregaty/dvigateli/											КАМАЗ 65111, 65115, 65116, 65117, 6540 и другие			/agregaty/dvigateli/img/	dvigatel_kamaz_740.63-400_evro-3_1.jpg				dvigatel_kamaz_evro-4_1.jpg		Мощность	320					0.93	1.05	1.26	885	Дизельный восьмицилиндровый двигатель КАМАЗ 740.61-320 мощностью 320 л.с. экологического стандарта Евро-3, с турбонаддувом, ОНВ и электронным управлением. Получил самое широкое применение в серийных автомобилях производства ОАО «КАМАЗ». Начало производства с 2008 года и по сегодняшний день.	Топливная аппаратура: ЯЗДА 337-42, форсунка 273-51 (с 5-ти соплами)	
19	Двигатель КамАЗ 740.63-400 / Евро-3	740.63-1000400	1455				С консервации на заводе. 2014 г.в. Гарантия 6 мес. в наличии.	1 996 852	<b>ПАО КАМАЗ</b>, под заказ 2-5 мес., по предоплате 100%			1 117 000	<b>кап.ремонт</b>, гар.6 мес., срок 6-9 дней, блок стандарт, коленвал стандарт (либо 0.25 межремонт) 									Двигатели	new	dvigatel_kamaz_740_63-400_evro-3	/agregaty/dvigateli/											КАМАЗ, автобусы и промышленная техника			/agregaty/dvigateli/img/	dvigatel_kamaz_740.63-400_evro-3_1.jpg				dvigatel_kamaz_evro-4_1.jpg		Мощность	400					0.93	1.05	1.26	885			
21	Двигатель КамАЗ 740.65-240 / Евро-3	740.65-1000400	1702				завод, под заказ, срок  1-3 мес.	2 093 295	<b>ПАО КАМАЗ</b>, под заказ 2-5 мес., по предоплате 100%			1 117 000	<b>кап.ремонт</b>, гар.6 мес., срок 6-9 дней, блок стандарт, коленвал стандарт (либо 0.25 межремонт) 									Двигатели	new	dvigatel_kamaz_740_65-240_evro-3	/agregaty/dvigateli/											на автобусном шасси 5297, 5297 производства НЕФАЗ ПАО «КАМАЗ»			/agregaty/dvigateli/img/	dvigatel_kamaz_740.63-400_evro-3_1.jpg				dvigatel_kamaz_evro-4_1.jpg		Мощность	240	КПП	154, ZF 8S, ZF 9S, ZF 16S.	Турбокомпрессор	ТКР 7С6 или К-27-145 «CZ» Чехия	0.93	1.05	1.26	885	под интеркулер, MFZ сцепление, с турбонаддувом, ОНВ и электронным управлением.	электронный топливный насос Bosch 0402698818	
23	Двигатель КамАЗ 740.73-400 / Евро-4 однотурбовый	740.73-1000400				2 150 000	<b>новый, ПАО КАМАЗ, в наличии</b> 		<b>ПАО КАМАЗ</b>, под заказ 2-5 мес., по предоплате 100%			1 298 000	<b>кап.ремонт</b>, гар.6 мес., срок 6-9 дней, блок стандарт, коленвал стандарт (либо 0.25 межремонт) 		<b>двигатели Евро-2 ПАО КАМАЗ (в наличии)</b> + комплект переоборудования 40 т.р.: педаль газа, система выпуска и впуска							Двигатели		dvigatel_kamaz_740_75-440_evro-4	/agregaty/dvigateli/											КамАЗ 65206, 65207, автобусы и промышленная техника			/agregaty/dvigateli/img/	dvigatel_kamaz_740.75-440_evro-4.jpg						Мощность	400	КПП	с однодисковым сцеплением (КП 154, ZF)			0.91	1.05	1.21	885		Система топливоподачи типа «Common Rail».	
25	Двигатель КамАЗ 740.705 - 300 л.с. / Евро-5 однотурбовый	740.705-1000401	1321			2 045 000	<b>новый, ПАО КАМАЗ, в наличии</b> невездеходное исполнение		<b>ПАО КАМАЗ</b>, под заказ 2-5 мес., по предоплате 100%			1 298 000	<b>кап.ремонт</b>, гар.6 мес., срок 6-9 дней, блок стандарт, коленвал стандарт (либо 0.25 межремонт) 		<b>двигатели Евро-2 ПАО КАМАЗ (в наличии)</b> + комплект переоборудования 40 т.р.: педаль газа, система выпуска и впуска							Двигатели	new	dvigatel_kamaz_740_705-300_evro-4	/agregaty/dvigateli/											КАМАЗ 6520, 65221, 65222, 65225, 65226, 6540, 65201 и другие			/agregaty/dvigateli/img/	dvigatel_kamaz_740.705-300_evro-5_1.jpg	dvigatel_kamaz_740.705-300_evro-5_2.jpg	dvigatel_kamaz_740.735-705-300_evro-5_3.jpg	dvigatel_kamaz_740.735-705-300_evro-5_4.jpg	dvigatel_kamaz_740.705-300_evro-5_3.jpg		Мощность	300	КПП	с однодисковым сцеплением (КП 154, ZF)			0.91	1.05	1.21	885	Дизельный 8-цилиндровый двигатель КАМАЗ 740.735-400 мощностью 400 л.с. экологического стандарта Евро-5, с индивидуальными алюминиевыми головками, турбонаддувом, ОНВ, электронным управлением и системами топливоподачи типа «Common Rail», обработки отработавших газов и бортовой диагностики.	Система топливоподачи типа «Common Rail».	
27	Двигатель КамАЗ 740.735 - 400 л.с. / Евро-5 однотурбовый	740.735-1000401	1395				<b>новый в наличии</b>, демонтированный при переоборудовании на ЯМЗ, на учете не стоял, пробег менее 50 км, гарантия 2 мес.	2 178 200	<b>ПАО КАМАЗ</b>, под заказ 2-5 мес., по предоплате 100%			1 341 650	<b>кап.ремонт</b>, гар.6 мес., срок 6-9 дней, блок стандарт, коленвал стандарт (либо 0.25 межремонт) 		<b>двигатели Евро-2 ПАО КАМАЗ (в наличии)</b> + комплект переоборудования 40 т.р.: педаль газа, система выпуска и впуска							Двигатели	new	dvigatel_kamaz_740_735-400_evro-4	/agregaty/dvigateli/											 КамАЗ-65224			/agregaty/dvigateli/img/	dvigatel_kamaz_740.705-300_evro-5_2.jpg	dvigatel_kamaz_740.705-300_evro-5_1.jpg	dvigatel_kamaz_740.735-705-300_evro-5_3.jpg	dvigatel_kamaz_740.735-705-300_evro-5_4.jpg			Мощность	400	КПП	с однодисковым сцеплением (КП 154, ZF)			0.93	1.045	1.26	870	Дизельный, с индивидуальными алюминиевыми головками, турбонаддувом, ОНВ, электронным управлением и системой топливоподачи типа 'Common Rail'	Система топливоподачи типа «Common Rail».	
29	Двигатель КамАЗ 740.662-300 / Евро-4	740.662-1000402	1459	1 848		1 965 000	<b>новый, под заказ</b> завод РемДизель, гарантия ПАО КАМАЗ	 - 	ПАО КАМАЗ - снят с производства			1 272 500	<b>кап.ремонт</b>, гар.6 мес., срок 6-9 дней, блок стандарт, коленвал стандарт (либо 0.25 межремонт) 		<b>двигатели Евро-2 ПАО КАМАЗ (в наличии)</b> + комплект переоборудования 40 т.р.: педаль газа, система выпуска и впуска							Двигатели	new	dvigatel_kamaz_740_662-300_evro-4	/agregaty/dvigateli/											КАМАЗ 43118, 5350, 53504, 65111 и другие			/agregaty/dvigateli/img/							Мощность	300	КПП	с однодисковым сцеплением (КП 154, ZF)			0.93	1.045	1.26	870	Дизельный восьмицилиндровый двигатель КАМАЗ 740.622-280 мощностью 280 л.с. экологического стандарта Евро-4, с турбонаддувом, ОНВ, электронным управлением и системой топливоподачи типа «Common Rail».	Система топливоподачи типа «Common Rail».	
31	Двигатель КамАЗ 740.622-280 / Евро-4	740.622-1000400	1826	1 798		1 985 000	<b>новый, под заказ</b> завод РемДизель, гарантия ПАО КАМАЗ	2 280 000	<b>ПАО КАМАЗ, новый, в наличии</b> 			1 272 500	<b>кап.ремонт</b>, гар.6 мес., срок 6-9 дней, блок стандарт, коленвал стандарт (либо 0.25 межремонт) 		<b>двигатели Евро-2 ПАО КАМАЗ (в наличии)</b> + комплект переоборудования 40 т.р.: педаль газа, система выпуска и впуска							Двигатели	new	dvigatel_kamaz_740_622-280_evro-4	/agregaty/dvigateli/											КАМАЗ 5350, 53501, 65111 и другие			/agregaty/dvigateli/img/	dvigatel_kamaz_740.622-280_evro-4_1.jpg	dvigatel_kamaz_740.622-280_evro-4_2.jpg			dvigatel_kamaz_evro-4_1.jpg		Мощность	280	КПП	с однодисковым сцеплением (КП 154, ZF)			0.93	1.045	1.26	870		Система топливоподачи типа «Common Rail».	
35	Двигатель КамАЗ 740.632-400 / Евро-4 однотурбовый	740.632-1000400	1446	1 890		-	<b>новый, завод РемДизель</b> НЕТ	 - 	ПАО КАМАЗ - снят с производства			1 298 000	<b>кап.ремонт</b>, гар.6 мес., срок 6-9 дней, блок стандарт, коленвал стандарт (либо 0.25 межремонт) 		<b>двигатели Евро-2 ПАО КАМАЗ (в наличии)</b> + комплект переоборудования 40 т.р.: педаль газа, система выпуска и впуска							Двигатели	new	dvigatel_kamaz_740_632-400_evro-4	/agregaty/dvigateli/											КАМАЗ 6560, 65222, 65224 и другие			/agregaty/dvigateli/img/							Мощность	400					0.93	1.045	1.26	870		Система топливоподачи типа «Common Rail».	
36	Двигатель Cummins 6 Isbe 6.7 285-300 л.с. / Евро-5	SO75713				1 050 000	<b>Новый 285 л.с. в наличии, 2022 г. </b> SO 75282		<b>ПАО КАМАЗ</b>, под заказ 2-5 мес., по предоплате 100%				<b>300 л.с. в наличии, демонтаж</b> пробег 1000 км									Камминз	new	dvigatel_cummins-67-isbe-285_evro-5	/agregaty/dvigateli_cummins/											КАМАЗ-65115, 65116, 65117, 53605, 5308, НЕФАЗ, ПАЗ, ЛИАЗ, МАЗ, КАВЗ, Волжанин, MAN, и др.			/agregaty/dvigateli_cummins/img/remont/	dvigatel_cummins_6isbe-285_evro-5_0.jpg	dvigatel_cummins_6isbe-285_evro-5_1.jpg	dvigatel_cummins_6isbe-285_evro-5_2.jpg				Мощность	285					0.715	0.84	01.07	514	Легкий и компактный 6-ти цилиндровый двигатель, оснащен электронным управлением, упрощающим конструкцию двигателя. В двигателе установлена топливная система Bosch, а также модуль управления ECM.	дизельный с турбонаддувом	
38	КПП																																																									
39	Коробка КПП-14 на КАМАЗ	14.1700025				89 500	<b>кап.ремонт</b>, отл.внешний вид, гарантия 6 мес., в наличии	238 650	Замена КПП 142 - завод, новая, срок 2-6 нед.									141.1517050.01	142.1700025			КПП		kpp_14_kamaz	/agregaty/kpp/	201										КамАЗ 4310, 5320			/agregaty/kpp/img/	kpp-14-kamaz.jpg	kpp-14-kamaz_11.jpg											0.6	0.5	1.2	252	5-ступенчатая коробка передач с шестернями постоянного зацепления на всех передачах и с синхронизаторами включения 2, 3, 4 и 5 передач. Все шестерни - косозубые, кроме шестерни 1-ой передачи и заднего хода.		
41	Коробка КПП-141 на УРАЛ 4320	141.1517050.01				107 600	<b>кап.ремонт</b>, отл.внешний вид, гарантия 6 мес., срок 3-5 дн.											142.1700025	144.1700101			КПП		kpp_141_kamaz	/agregaty/kpp/	203										Урал 4320 и модификации для 43253, 43505, 4308			/agregaty/kpp/img/	kpp-141-kamaz_1.png			kpp-141-kamaz_11.jpg									0.6	0.5	1.2	258	Улучшенная модификация 14-ой модели - КПП 141 КамАЗ с отличиями: - увеличенное количество зубьев на шестернях передач, что увеличивает тягу автомобиля, позволяя преодолевать крутые подъемы груженному автомобилю.		
43	Коробка КПП-142 	142.1700025				107 600	<b>кап.ремонт</b>, отл.внешний вид, гарантия 6 мес., срок 2-3 дня	238 650	завод, новая, срок 6-12 нед.									144.1700101	141.1517050.01			КПП		kpp_142_kamaz	/agregaty/kpp/	204										КамАЗ 43114, 43118, 43253			/agregaty/kpp/img/	kpp-142-kamaz_1.png												0.6	0.5	1.2	254	Пять ступеней переднего хода и одна заднего, позволяют применять КПП КамАЗ без делителя на бортовых автомобилях, самосвалах и др.		
45	Коробка КПП-144 на КАМАЗ (1-дисковое сцепление)	144.1700101				162 450	<b>кап.ремонт</b>, отл.внешний вид, гарантия 6 мес., срок 2-3 дня	298 650	завод, новая, срок 2-7 нед.									142.1700025	141.1517050.01			КПП		kpp_144_kamaz	/agregaty/kpp/	206										КамАЗ 4350, 5350			/agregaty/kpp/img/	kpp-144-kamaz_1.png												0.6	0.5	1.2	254	Под одно-дисковое сцепление		
46	Коробка КПП-15 КАМАЗ	15.1700027		90		105 000	<b>восстановленная, в наличии</b>, отл.внешний вид, гарантия 6 мес.	348 070	Замена КПП 152 - завод, новая, в наличии									152.1700050	154.1700050			КПП		kpp_15_kamaz	/agregaty/kpp/	207										КамАЗ 5320, 5410, 5511			/agregaty/kpp/img/	kpp-15-kamaz.jpg			kpp-15-kamaz_4.jpg									0.6	0.5	1.2	268	КПП 15 – 10-ступенчатая коробка передач. Основное отличие от КПП 15 от 14 серии  - наличие делителя, т.е. каждая скорость может быть повышенной или пониженной (прямой). КПП-15 взаимозаменяема с современными трансмиссиями 152ой версии.		
47	Коробка КПП-152 КАМАЗ	152.1700050		100		128 500	<b>восстановленная, в наличии</b>, отл.внешний вид, гарантия 6 мес.,	348 070	завод, новая, в наличии										15.1700027			КПП		kpp_152_kamaz	/agregaty/kpp/	209										КамАЗ 43114, 53205, 43118, 55111, 53215, 43253, 65115			/agregaty/kpp/img/	kpp-152-kamaz_1.png										объем	0.36 м3	0.6	0.5	1.2	322	КПП 152  заслуженно считается самой распространенной трансмиссией для КамАЗ, она встречается на множестве шасси, включая современные ЕВРО -1, 2: 4326, 43114, 53205, 43118, 55111, 53215, 43253, 65115 и другие. Зачастую данные шасси используют в качестве автомобилей-тягачей, автопоездов и самосвалов.		
51	Коробка КПП-154 КАМАЗ	154.1700050	295	150	250	265 500	<b>восстановленная</b>, гарантия 6 мес.	425 540	<b>завод, новая, в наличии</b>, 154-1700051-20		<b>сборка собств. из новых запчастей</b> в наличии 1 шт.							1324.001.098/102				КПП		kpp_154_kamaz	/agregaty/kpp/	213	154.1700051-20									КамАЗ 43118, 65115, 43505, 5350, 53605			/agregaty/kpp/img/	kpp-154-kamaz_new_1.jpg	kpp-154-kamaz_new_3.jpg	kpp-154-kamaz_new_4.jpg	kpp-154-kamaz_2.jpg	kpp-154-kamaz_3.jpg	kpp-154-kamaz_4.jpg					объем	0.35 м3	0.6	0.5	1.2	330	10-ступенчатая, состоит из основного редуктора, унифицированного с КП 144 и делителя.        Применяются для автомобилей с двигателями, имеющими крутящий момент до 1100 Н·м.		
53	Коробка КПП ZF 16S 151 на КамАЗ  (заменена на 1820)	1341.002.074 / 1315.051.712				597 400	<b>завод ZF КАМА, новая версия 16S 1820, в наличии</b>  1341.002.074		<b>новая, демонтированная, на офиц. гарантии </b>	387 500	<b>восстановленная</b>, гарантия 6 мес.							1341 002 089	1324.001.098/102			КПП		kpp_kamaz_zf-16s151	/agregaty/kpp/	215										КамАЗ: 6520, 65221, 65222, 5460, 6350, 6450, а так же MAN, DAF, IVECO, RENAULT и др.		225	/agregaty/kpp/img/zf/	zf_16S-151_ecosplit_1.png	zf_16S-1820_new_1.jpg	zf_16S-1820_new_2.jpg	zf_16S-1820_new_3.jpg							объем	0.31 м3	0.5	0.5	1.2	289	ZF-Ecosplit - механическая коробка передач третьего поколения с шестнадцатью ступенями переключения скоростей. С 2010 года стал применяться на КамАЗ 65115 и 6520.		
54	Коробка КПП ZF 16S 1820 на КамАЗ	1341 002 089				597 400	<b>завод ZF КАМА, новая, в наличии</b>  1341.002.074		<b>новая, демонтированная, на офиц. гарантии </b>	387 500	<b>восстановленная</b>, гарантия 6 мес.							1341.002.074 / 1315.051.712	1324.001.098/102			КПП		kpp_kamaz_zf-16s1820	/agregaty/kpp/	217	1341.002.117, 1341.002.074									КамАЗ: 6520, 65221, 65222, 5460, а так же 6350 и 6450		225	/agregaty/kpp/img/zf/	zf_16S-1820_new_1.jpg	zf_16S-1820_new_2.jpg	zf_16S-1820_new_3.jpg	zf_16S-1820_new_4.jpg		zf_16S-1820_ecosplit_1.png					объем	0.31 м3	0.5	0.5	1.2	290	ZF-Ecosplit - механическая коробка передач третьего поколения с шестнадцатью ступенями переключения скоростей. С 2010 года стал применяться на КамАЗ 65115 и 6520.		
55	Коробка КПП ZF 9S 1310 на КамАЗ	1324.001.098/102				469 500	<b>новая, завод ZF КАМА, в наличии</b> 1324.001.098		<b>новая, демонтированная, на офиц. гарантии </b>	382 500	<b>кап.ремонт</b>, отл.внешний вид, гарантия 6 мес.							1341.002.074 / 1315.051.712	1341 002 089			КПП		kpp_kamaz_zf-9s1310	/agregaty/kpp/	219										КамАЗ: 65115, 65116, 65117, 53605 и 5308, 43114 и 43118		230	/agregaty/kpp/img/zf/	zf_9S-1310_new_1.jpg	zf_9S-1310_new_2.jpg	zf_9S-1310_new_3.jpg	zf_9S-1310_new_4.jpg		remont/zf-9s-1310_remont_1.jpeg					объем	0.35 м3	0.5	0.5	1.2	190	Считается аналогом 154 модели. Применяется в основном на КАМАЗ 43118. Коробка передач ЗФ 9S 1310  так же устанавливается на КАМАЗ 65115 и 65116 в грузовых модификациях.		
61	Коробка КПП ZF 12 AS 2135 TD автомат с КОМ NH-4C	1353.030.025				645 000	<b>новая, ZF Бразилия, в наличии</b> 1353.030.025	725 000	новая, 1353.030.029									1341 002 089	1324.001.098/102			КПП		kpp_kamaz_zf-12-as-2135-td	/agregaty/kpp/	219	1353.030.029									КамАЗ: 65206-S5, 65207-S5, 65806-S5 65206-T5, 65207-Т5, 65806-T5		230	/agregaty/kpp/img/zf/				zf_12AS-2135_td_new_3.jpg	zf_12AS-2135_td_new_4.jpg	zf_12AS-2135_td_new_5.jpg					объем	0.35 м3	0.8	1.1	1.2	269	Без интрадера, Число передач = вперёд– 12,назад– 2		
56	Коробка АКПП ZF 6HP902 C	4139 180 025				579 600	<b>ZF, в наличии, демонтированная с машины при переоборудовании</b>															КПП		kpp_kamaz_zf-6hp902c	/agregaty/kpp/	220	4237.090.010									КАМАЗ-6560			/agregaty/kpp/img/zf/	zf_6HP-902_ecomat.png	akpp-za-6hp902c_1.jpg					Максимальный крутящий момент	2000 Н·м.	Торцевые шлицы	4139.303.172			0.5	0.5	1.2	310	Имеется возможность установки до двух коробок отбора мощности с отбором мощности от двигателя.		
57	Делитель КПП-152 КАМАЗ	152.1770010	55			73 000	кап.ремонт, гарантия 6 мес., срок 4-5 дней		завод, новая, срок 2-5 нед.									152.1700050	154.1700050			КПП		delitel_kpp-152-kamaz	/agregaty/kpp/	221													/agregaty/kpp/img/	delitel_152_1770010_1.jpg	delitel_152_1770010_2.jpg	delitel_152_1770010_3.jpg										0.5	0.43	0.6	110			
59	Делитель КПП-154 КАМАЗ	154.1770010				87 000	кап.ремонт, гарантия 6 мес.., срок 4-5 дней		завод, новая, срок 2-5 нед.									154.1700050	152.1700050			КПП		delitel_kpp-154-kamaz	/agregaty/kpp/	223													/agregaty/kpp/img/	delitel_152_1770010_2.jpg		delitel_152_1770010_3.jpg										0.5	0.43	0.6	113			
	РАЗДАТКИ			нал																																																						
81	Коробка раздаточная на КамАЗ 4310 в сборе	4310-1800020-10	143,96	118	220	144 070	<b>кап.ремонт</b> без КОМ, гарантия 3 мес., в наличии	-										43114-1800120-10	43114-1800120			РК		korobka-razdatochnaya-kamaz-4310-v-sbore	/agregaty/razdatki/	1										КамАЗ-4310, КамАЗ-43101, КамАЗ-4326			/agregaty/razdatki/img/	4310-1800020_1.jpg	4310-1800020_2.png			razdatki_kamaz_nonoviy_bu.jpg								0.54	0.57	0.7	260	Квадратные фланцы, Старого образца. В данный момент не выпускается, детали с консервации, прошедшую полную проверку и косметику.		
83	Коробка раздаточная на КамАЗ 43114 (43118) в сборе	43114-1800120-10	189,1	155	270	228 640	<b>кап.ремонт</b>, гарантия 3 мес., в наличии		Новая, демонтаж, пробег 2000 км., разобрана - проверена, внутри всё новое, в наличии, гарантия 6 мес.	378 840	новая, сборка под заказ, страрого образца., гар.6 мес., 43114-1800020-10							43114-1800120	4310-1800020-10			РК		korobka-razdatochnaya-kamaz-43114-(43118)-v-sbore	/agregaty/razdatki/	2										КамАЗ-43114, первые модели КамАЗ-43118, КамАЗ-43261 (Евро-1, 2)			/agregaty/razdatki/img/	43114-1800020-10_1.jpg	43114-1800120_01.jpg	43114-1800120_02.jpg	43114-1800120_03.jpg	razdatki_kamaz_nonoviy_bu.jpg								0.55	0.66	0.7	252	Евро фланцы - круглые, со шлицами, Старого образца		
85	Коробка раздаточная на КамАЗ 43114 с КОМ в сборе	43114-1800120	156	130	230	241 640	<b>кап.ремонт</b>, гарантия 3 мес., в наличии, 43114-1800020		завод, новый, под заказ	391 270	новая, сборка под заказ, страрого образца., гар.6 мес., 43114-1800020		230					43114-1800120-10				РК		korobka-razdatochnaya-kamaz-43114-s-kom-v-sbore	/agregaty/razdatki/	2										КамАЗ-43114, первые модели КамАЗ-43118, КамАЗ-43261 (Евро-1, 2)			/agregaty/razdatki/img/	43114-1800020_1.jpg				razdatki_kamaz_nonoviy_bu.jpg								0.54	0.57	0.7	257	Евро фланцы - круглые, со шлицами, Старого образца		
87	Коробка раздаточная на КамАЗ 65111 в сборе 	65111-1800020-10	250,1	205	274700	335 000	<b>кап.ремонт</b>, гарантия 3 мес., в наличии	430 000	Новая, демонтаж, пробег 2000 км., разобрана - проверена, внутри всё новое, в наличии, гарантия 6 мес.		Сборка из новых заводских зап.частей, гар. 6мес, в наличии							65111-1800020				РК		korobka-razdatochnaya-kamaz-65111	/agregaty/razdatki/	3										КамАЗ-43114, 43118, 65111, 53228, 4326, 4350, 5350, 53501, 6350 и др.,	на современные КамАЗы		/agregaty/razdatki/img/	65111-1800020_1.jpg	65111-1800020_2.png	65111-1800020_01.jpg	65111-1800020_02.jpg	razdatki_kamaz_nonoviy_bu.jpg								0.55	0.65	0.7	209	Евро фланцы - круглые, со шлицами.	Применяется на а/м КАМАЗ 65111 (подходит на 43114), но без обратной совместимости с 43114. 	
89	Коробка раздаточная на КамАЗ 65111 с КОМ в сборе	65111-1800020	198	165	295	348 000	<b>кап.ремонт</b>, гарантия 3 мес., в наличии	445 000	Новая, демонтаж, пробег 2000 км., разобрана - проверена, внутри всё новое, в наличии, гарантия 6 мес.		Сборка из новых заводских зап.частей, гар. 6 мес							65111-1800020-10				РК		korobka-razdatochnaya-kamaz-65111-s-kom-v-sbore	/agregaty/razdatki/	3										КамАЗ-43114, 43118, 65111, 53228, 4326, 4350, 5350, 53501, 6350 и др.,	на современные КамАЗы		/agregaty/razdatki/img/	65111-1800020-kom_0.png	65111-1800020-kom_1.jpg			razdatki_kamaz_nonoviy_bu.jpg								0.55	0.66	0.7	257	Евро фланцы - круглые, со шлицами.	Деталь не взаимозаменяема с моделью 43114	
91	Коробка раздаточная на КамАЗ 6522 в сборе	6522-1800020 (-10)	420	350		612 500	<b>восстановленная 'под новую', в наличии</b>, гарантия 4 мес.	852 400	новая, ПАО КАМАЗ, под заказ 2-4 мес.									ZF VG 1600/300				РК		korobka-razdatochnaya-kamaz-6522-v-sbore	/agregaty/razdatki/	4	6522-1800020-10									КамАЗ-6522			/agregaty/razdatki/img/	6522-1800020_1.png				razdatki_kamaz_nonoviy_bu.jpg								0.53	0.68	0.745	320	Евро фланцы - круглые, со шлицами.	Деталь взаимозаменяема с VG 1600/300 ZF и ZQC 2000-69A;	
93	Коробка раздаточная ZF VG 1600 	ZF VG 1600/300				336 420	<b>кап.ремонт</b>,	472 600	<b>новая</b> под заказ			612 500	совместимая  - РК 6522, восстановленная					ZF VG 1600/300-m	ZF VG 2000/300			РК		korobka-razdatochnaya-zf-vg-1600	/agregaty/razdatki/		5848.001.011									КамАЗ-6520, КамАЗ-6522 и модификациях 65221, 65222, 65225	617000		/agregaty/razdatki/img/	ZF_VG_1600_300_1.png	ZF_VG_1600_300_1.jpg			razdatki_kamaz_nonoviy_bu.jpg		Фланцы крепления карданного вала	круглые					0.65	0.62	0.74	290		устанавливается на последнее поколение грузовиков КамАЗ. Устанавливается позади коробки передач и соединяется с ней карданным валом. Существует в двух исполнениях: с межосевым дифференциалом и без него.	
95	Коробка раздаточная ZF VG 1600 с масл.насос	ZF VG 1600/300-m		260	450	334 000	<b>кап.ремонт</b>,	540 000	<b>демонтаж, в наличии</b>, VG-1600 / 300			612 500	совместимая  - РК 6522, восстановленная					ZF VG 1600/300	ZF VG 2000/300			РК		korobka-razdatochnaya-zf-vg-1600-s-masl.nasos	/agregaty/razdatki/		5848.001.011									КамАЗ-6522 и модификациях 65221, 65222, 65225			/agregaty/razdatki/img/	ZF_VG_1600_300_1.png	ZF_VG_1600_300_1.jpg			razdatki_kamaz_nonoviy_bu.jpg		Фланцы крепления карданного вала	круглые					0.65	0.62	0.74	305		устанавливается на последнее поколение грузовиков КамАЗ. Устанавливается позади коробки передач и соединяется с ней карданным валом. Существует в двух исполнениях: с межосевым дифференциалом и без него.	
97	Коробка раздаточная ZF VG 2000	ZF VG 2000/300		260	698	1 325 000	<b>Новая, в наличии</b>  2000/300 - 5849 051 007	1 360 000	Новая VG 2000/396 (5849002030), в наличии	865 000	<b>демонтаж, в наличии</b>, VG-2000 / 396	612 500	совместимая  - РК 6522, восстановленная					ZF VG 1600/300	ZF VG 1600/300-m			РК		korobka-razdatochnaya-zf-vg-2000	/agregaty/razdatki/		5849.051.007									КамАЗ-65224, -65225			/agregaty/razdatki/img/	ZF_VG_2000_300_1.png				razdatki_kamaz_nonoviy_bu.jpg		Фланцы крепления карданного вала	круглые	Максимальный входной момент вала	25000 Нм			0.69	0.69	1.4	355	Раздаточная коробка КамАЗ VG 2000/300 ZF Steyr механическая, без насоса, без КОМ, двухступенчатая, с межосевым дифференциалом, с тремя валами. 		
	РЕДУКТОРЫ																																																									
200	Редуктор заднего моста КАМАЗ-4310 50 зубьев	4310/5320-2402010-20		80		100 000	<b>восстановленный</b>, гар.6 мес., срок 4-6 дн.	178 200	<b>новый, завод</b>, под заказ, срок 2-4 мес.			-	сборка под заказ из новых з/ч, гар.12мес., срок 7 дней					5320-2402010 -20,-30,-10 (*-40)	4310-2502010 -10(-20,-30,-40)			Редукторы		reduktor-zadnego-mosta-kamaz-4310-2402010_50-zubev	/agregaty/reduktory/		аналог 5320-2402010-20									КАМАЗ-4310, 43101	задний мост	50	/agregaty/reduktory/img/	4310-2402010-20_1.jpg	4310-2402010-20_2.jpg					Зубьев шестерен	50 зубьев (*49 - под заказ)	Под полуось (шлицов)	16 шлицов	Фланец	квадратный, 4 отв.	0.44	0.38	0.65	142	Без МОДа. Передаточные числа задего редуктора КамАЗ 4310 – 6,53 или 7,22. Это соответствует применению большой цилиндрической шестерни на 50 зубьев.		
203	Редуктор заднего моста КАМАЗ 5320 48,49 зубьев (*47,50)	5320-2402010 -20,-30,-10 (*-40)		80	1	100 000	<b>восстановленный</b>, гар.6 мес., срок 4-6 дн.	171 700	<b>новый, завод</b>, под заказ, срок 2-4 мес.				сборка под заказ из новых з/ч, гар.12мес., срок 7 дней					4310/5320-2402010-20	5320-2502010			Редукторы		reduktor-zadnego-mosta-kamaz-5320-2402010_48-49-47-50-zubev	/agregaty/reduktory/											КАМАЗ-5320, 5410, 53212, 5511, 55111, 55102, 65116, 65117	задний мост	50	/agregaty/reduktory/img/	5320-2402010_1.jpg	5320-2402010_2.jpg					Зубьев шестерен	48, 49 зубьев (*47,50 - под заказ)	Под полуось (шлицов)	16 шлицов	Фланец	квадратный, 4 отв.	0.44	0.38	0.65	142	Старого образца, квадратные фланцы, полуось на 16 шлицов, имеют шестерни на 48 или 49 зубьев, есть модификации с 47 и 50 зубами. Данный агрегат взаимозаменяем с моделями 5320, 5511, 5410, 4310. На этой модели отсутствуют межколесные блокировки (МКБ).		
206	Редуктор заднего моста КАМАЗ Евро 53205	53205-2402010 -20,-30,-10 (*-40)		80		115 800	<b>восстановленный</b>, гар.6 мес., срок 4-6 дн.	173 600	<b>новый, завод</b>, под заказ, срок 2-4 мес.				сборка под заказ из новых з/ч, гар.12мес., срок 7 дней					53205-2402011 -20,-30,-10 (*-40)	53229-2402011 -20,-30,-10 (*-40)			Редукторы		reduktor-zadnego-mosta-kamaz_evro-53205-2402010_48-49-47-50-zubev	/agregaty/reduktory/											КАМАЗ-55111, 53205, 54115, 65111, 65115, 54105, 43261, 65116, 65117	задний мост	55	/agregaty/reduktory/img/	53205-2402010_1.jpg	53205-2402010_2.jpg	53205-2402010_3.jpg	53205-2402011_3.jpg	53205-2402011_4.jpg		Зубьев шестерен	48, 49 зубьев (*47,50 - под заказ)	Под полуось (шлицов)	20 шлицов			0.52	0.5	0.52	165	Круглые фланцы, полуось на 20 шлицов, на 48 или 49 зубьев, есть модификации с 47 и 50 зубами.		
209	Редуктор заднего моста КАМАЗ Евро 53205 с блокировкой	53205-2402011 -20,-30,-10 (*-40)		105		135 800	<b>восстановленный</b> гар.6 мес., под заказ - срок 4-6 дн.						сборка под заказ из новых з/ч, гар.12мес., срок 7 дней					53229-2402011 -20,-30,-10 (*-40)	53205-2402010 -20,-30,-10 (*-40)			Редукторы		reduktor-zadnego-mosta-kamaz-53205-2402011_48-49-47-50-zubev-s-blokirovkoj	/agregaty/reduktory/		65115-2402011 -20,-30,-10 (*-40)									КАМАЗ-53205 и другие авто с полным приводом 53228, 53229, 53501, 5350, 43114, 43118, 4350, 6450, 65115, 65117, 6350	задний мост	55	/agregaty/reduktory/img/	53205-2402011_1.jpg	53205-2402011_2.jpg	53205-2402011_5.jpg	53205-2402011_3.jpg	43118-2X02011_1.jpg		Зубьев шестерен	48, 49 зубьев (*47,50 - под заказ)	Под полуось (шлицов)	20 шлицов			0.43	0.42	0.5	130	C межколесной блокировкой по полуосям (сокращенно – МКБ), на ось с 20 шлицами, оборудуется круглым фланцем, возможно применение вместо редуктора без МКБ. на 48 или 49 зубьев, есть модификации с 47 и 50 зубами.		
212	Редуктор заднего моста КАМАЗ Евро 53229 с блокировкой	53229-2402011 -20,-30,-10 (*-40)				154 800	<b>восстановленный</b>, гар.6 мес., срок 4-6 дн.	182 500	<b>новый, завод</b>, под заказ, срок 2-4 мес.				сборка под заказ из новых з/ч, гар.12мес., срок 7 дней					53205-2402011 -20,-30,-10 (*-40)	53205-2402010 -20,-30,-10 (*-40)			Редукторы		reduktor-zadnego-mosta-kamaz-53229-2402011_48-49-47-50-zubev-s-blokirovkoj	/agregaty/reduktory/		Аналог 53205-2402011-XX									КАМАЗ-53229 и другие авто с полным приводом КАМАЗ-53228, 53501, 5350, 43114, 43118, 4350, 6450, 65115, 65117, 6350	задний мост	55	/agregaty/reduktory/img/	53229-2402011_1.jpg			43118-2X02011_1.jpg	43118-2X02011_2.jpg		Зубьев шестерен	48, 49 зубьев (*47,50 - под заказ)	Под полуось (шлицов)	20 шлицов	Фланец	квадратный	0.43	0.42	0.55	133	Аналог 53205-2402011-XX с квадратным фланцем. С межколесной блокировкой (МКБ), без МОД, на полуось с 20 шлицами, с квадратными фланцами, возможно применение вместо редуктора без МКБ.  на 48 или 49 зубьев, есть модификации с 47 и 50 зубами. 	Не подходит для установки на модель 43253.	
215	Редуктор заднего моста КАМАЗ 65115-60, Евро, 46 зубьев, с блокировкой МКБ	65115-2402011-60		115		142 360	<b>восстановленный</b>, гар.6 мес., срок 4-6 дн.	233 700	<b>новый, завод</b>, под заказ, в наличии				сборка под заказ из новых з/ч, гар.12мес., срок 7 дней					43253-2402011-20,-30,-10 (*-40)	43253-2402011-60			Редукторы		reduktor-zadnego-mosta-kamaz-evro-46-zubev-s-blokirovkoi-65115-2402011-60_46-zubev	/agregaty/reduktory/											КАМАЗ -65115, 65116, 65117, 43118, 54115 и др.	задний мост	70	/agregaty/reduktory/img/	65115-2402011-60_1.jpg	65115-2402011-60_2.jpg					Зубьев шестерен	46					0.473	0.5	0.5	141	C межколесной блокировкой по полуосям ( МКБ). Применяется на современные шасси, Скоростная - подходит для эксплуатации на ровных дорогах. Блокировка отключается (отсоединяется). 	Не подходит для установки на модель 43253.	
218	Редуктор заднего моста КАМАЗ 43253 «одномостовый», Евро, 47-50 зубьев, с блокировкой МКБ 	43253-2402011-20,-30,-10 (*-40)		105		147 620	<b>восстановленный</b>, гар.6 мес., срок 4-6 дн.	179 500	<b>новый, завод</b>, под заказ, срок 2-4 мес.				сборка под заказ из новых з/ч, гар.12мес., срок 7 дней					43253-2402011-60	65115-2402011-60			Редукторы		reduktor-zadnego-mosta-kamaz-evro-43253-2402011_47-48-49-50-zubev	/agregaty/reduktory/											КАМАЗ-4326, 43255, 43261, 4350, 43502, 43505, 53501	задний мост	55	/agregaty/reduktory/img/	43253-2402011_1.jpg						Зубьев шестерен	48/14; 49/13 (47/15; 50/12)					0.43	0.42	0.5	132	КАМАЗ 43253 «одномостовый» может применяться только на грузовиках с одним ведущим мостом	В редукторе 43253 стоит коническая пара с модели 4310. Свой там только ведущий вал 4326 и фланец кардана. Остальное всё от редуктора 53205.	
221	Редуктор заднего моста КАМАЗ 43253-60, «одномостовый», Евро, 46 зубьев	43253-2402011-60		125		154 800	<b>восстановленный</b>, гар.6 мес., срок 4-6 дн.	247 400	<b>новый, завод</b>, под заказ, срок 2-4 мес.				сборка под заказ из новых з/ч, гар.12мес., срок 7 дней					43253-2402011-20,-30,-10 (*-40)	65115-2402011-60			Редукторы		reduktor-zadnego-mosta-kamaz-evro-43253-2402011_46-zubev	/agregaty/reduktory/											КАМАЗ - 43253, 43255, 53605, 43501, 43502 и другие	задний мост	70	/agregaty/reduktory/img/	43253-2402011-60_1.jpg						Зубьев шестерен	46	Под полуось (шлицов)	20 шлицов	Фланец	круглый, с насечками	0.42	0.52	0.72	132	КАМАЗ 43253 «одномостовый» может применяться только на грузовиках с одним ведущим мостом, 46-зубьев - скоростной		
224	Редуктор заднего моста КАМАЗ-6520 35,31 зубьев	6520-2402011 -10,-20 		100		129 500	<b>восстановленный</b>, гар.6 мес., срок 4-6 дн.	227 900	<b>новый, завод</b>, под заказ, срок 2-4 мес.				сборка под заказ из новых з/ч, гар.12мес., срок 7 дней					6520-2502011 -20,-10	43081-2402011			Редукторы		reduktor-zadnego-mosta-kamaz-6520-2402011_35-31-zubev	/agregaty/reduktory/			35 зуб. - 6520-2402011-10 31 зуб. - 6520-2402011-20								КАМАЗ-4308, 5460, 6460, 6520, 6520 (Евро-2, -3), 6522 (Евро-2, -3), 65226.	задний мост	50	/agregaty/reduktory/img/	6520-2402011_1.png	6520-2402011_2.png	6520-2402011_3.png	6520-2x02011_2.jpg	6520-2x02011_3.jpg		Зубьев шестерен	35/21; 31/15	Под полуось (шлицов)	20 шлицов	Фланец	круглый, евро, с насечками	0.41	0.41	0.55	122	C межколесной блокировкой по полуосям (МКБ). Без МОД. Может устанавливаться на мосты и отечественного производства и  производства MADARA. При разном строении чулков, редуктора на них устанавливаются одинаковые.		
227	Редуктор заднего моста КАМАЗ-4308 38,43 зубьев	43081-2402011					восстановленный, нет запчастей	232 500	<b>43 зуб. новый, завод, в наличии</b>, в заводской упаковке, офиц. гарантия	285 000	<b>38 зуб. новый, завод, в наличии</b> , в заводской упаковке, официальная гарантия		сборка под заказ из новых з/ч, гар.12мес., нет комплектующих					6520-2402011 -10,-20 	6520-2502011 -20,-10			Редукторы		reduktor-zadnego-mosta-kamaz-4308-2402011_38-43-zubev	/agregaty/reduktory/			43 зуб. - 43081-2402011-20 38 зуб. - 43081-2402011-30								КАМАЗ-4308	задний мост	90	/agregaty/reduktory/img/	43081-2402011_3.jpg	43081-2402011_4.jpg	43081-2402011_5.jpg	43081-2402011_1.png	43081-2402011_2.jpg		Зубьев шестерен	38, 43					0.52	0.52	0.6	131	Устанавливается на КамАЗ 4308. Применяются только конические шестерни без цилиндрических, что увеличивает надежность редуктора.		
																																																										
230	Редуктор среднего моста КАМАЗ 4310	4310-2502010 -10(-20,-30,-40)		100		126 650	<b>восстановленный</b>, гар.6 мес., срок 4-6 дн.	184 700	<b>новый, завод</b>, под заказ, срок 2-4 мес.				сборка под заказ из новых з/ч, гар.12мес., срок 7 дней					43118-2502010 -10(-20,-30,-40)	4310/5320-2402010-20			Редукторы		reduktor-srednego-mosta-kamaz-4310-2502010_50-49-zubev	/agregaty/reduktory/											КАМАЗ-4310, 43101	средний мост	60	/agregaty/reduktory/img/	4310-2502010_1.png	4310-2502010_2.png					Зубьев шестерен	Стандарт - 50/12 (49/12) , под заказ - 48, 47	Под полуось (шлицов)	16 шлицов	Фланец	круглый, 8 отв. 	0.42	0.52	0.72	131	Без МОДа. Передаточные числа среднего редуктора КамАЗ 4310 – 6,53 (применению большой цилиндрической шестерни на 50 зубьев) или 7,22 (49 зубьев) . Возможна сборка под заказ на 49.		
233	Редуктор среднего моста КАМАЗ 43118/43114	43118-2502010 -10(-20,-30,-40)		115		146 600	<b>восстановленный</b>, гар.6 мес., срок 4-6 дн.	217 400	<b>новый, завод</b>, под заказ, срок 2-4 мес.				сборка под заказ из новых з/ч, гар.12мес., срок 7 дней					43118-2502014 -10(-20)	53205-2502010 -10(-20,-30,-40)			Редукторы		reduktor-srednego-mosta-kamaz-43114-2502010_47-48-49-50-zubev	/agregaty/reduktory/											КАМАЗ 43114, в редких случаях 43118	средний мост	60	/agregaty/reduktory/img/	43114-2502010_1.png	43114-2502010_2.png					Зубьев шестерен	48/14; 49/13 (47/15; 50/12)	Под полуось (шлицов)	20 шлицов	Фланец	круглый, с насечками	0.4	0.52	0.72	132	МОД отсутствует, проходной. На технику с колёсной формой 6х6. 		
236	Редуктор среднего моста КАМАЗ 43118/43114 с блокировкой	43118-2502014 -10(-20)		130	85	158 600	<b>восстановленный</b>, гар.6 мес., срок 4-6 дн.	268 000	<b>новый, завод</b>, в наличии  48, 49 зуб. 				сборка под заказ из новых з/ч, гар.12мес., срок 7 дней					43118-2502010 -10(-20,-30,-40)	53205-2502011 -10(-20,-30,-40)			Редукторы		reduktor-srednego-mosta-kamaz-43114-43118-2502010_50-49-zubev	/agregaty/reduktory/		43118-2502011									КАМАЗ-43114, 43118	средний мост	65	/agregaty/reduktory/img/	43114-2502011_1.png			43118-2X02011_1.jpg	43118-2X02011_2.jpg		Зубьев шестерен	49/12 (50/12)	Под полуось (шлицов)	20 шлицов			0.42	0.52	0.72	129	Без межосевая блокировка (МОД). С межколесной блокировкой (МКБ) окончание 011. 		
239	Редуктор среднего моста КАМАЗ 5320	5320-2502010		100		126 650	<b>восстановленный</b>, гар.6 мес., срок 4-6 дн.	215 700	<b>новый, завод</b>, под заказ, срок 2-4 мес.				сборка под заказ из новых з/ч, гар.12мес., срок 7 дней					4310-2502010 -10(-20,-30,-40)	5320-2402010 -20,-30,-10 (*-40)			Редукторы		reduktor-srednego-mosta-kamaz-5320-2502010_48-49-47-50-zubev	/agregaty/reduktory/											на мостах старого образца грузовиков КАМАЗ-5511, 5410, 54112, КамАЗ-5320, 53212,  5511, 55102 и 4310, 	средний мост	65	/agregaty/reduktory/img/	5320-2502010_1.png	5320-2502010_2.png	5320-2502010_3.png				Зубьев шестерен	Стандарт - 50/12 (49/12) , под заказ - 48, 47	Под полуось (шлицов)	16 шлицов			0.46	0.58	0.85	165	МОД. блокируемый межосевой дифференциал		
242	Редуктор среднего моста КАМАЗ 53205 Евро	53205-2502010 -10(-20,-30,-40)		115		146 600	<b>восстановленный</b>, гар.6 мес., срок 4-6 дн.	247 400	<b>новый, завод</b> 49 зуб				сборка под заказ из новых з/ч, гар.12мес., срок 7 дней					53205-2502011 -10(-20,-30,-40)	53205-2402010 -20,-30,-10 (*-40)			Редукторы		reduktor-srednego-mosta-kamaz-53205-2502010_48-49-47-50-zubev	/agregaty/reduktory/											КАМАЗ-53205, 55111, 54105, 43114, 65115, 65116, 65117	средний мост	65	/agregaty/reduktory/img/	53205-2502010_1.jpg	53205-2502010_2.png					Зубьев шестерен	48/14; 49/13 (47/15; 50/12)	Под полуось (шлицов)	20 шлицов	Фланец	круглый	0.475	0.51	0.8	164	Редуктор промежуточного моста КамАЗ Евро не взаимозаменяем с классическим, полуосевые шестерни с 20-тью шлицами, на 48 или 49 зубьев, есть модификации с 47 и 50 зубами.		
245	Редуктор среднего моста КАМАЗ 53205 Евро МКБ с блокировкой	53205-2502011 -10(-20,-30,-40)		130		158 600	<b>восстановленный</b>, гар.6 мес., срок 4-6 дн.	267 500	<b>новый, завод</b>, в наличии  48, 49 зуб. 				сборка под заказ из новых з/ч, гар.12мес., срок 7 дней					53205-2502010 -10(-20,-30,-40)	53205-2402011 -20,-30,-10 (*-40)			Редукторы		reduktor-srednego-mosta-kamaz-evro-53205-2502011_48-49-47-50-zubev-s-blokirovkoj	/agregaty/reduktory/											КАМАЗ-65115, 53229, 43318, 65116, 65117	средний мост	65	/agregaty/reduktory/img/	53205-2502011_1.png	53205-2502011_2.png		43118-2X02011_1.jpg	43118-2X02011_2.jpg		Зубьев шестерен	48/14; 49/13 (47/15; 50/12)	Под полуось (шлицов)	20 шлицов	Фланец	круглый	0.475	0.51	0.8	181	Редуктор промежуточного моста КамАЗ Евро не взаимозаменяем с классическим, полуосевые шестерни с 20-тью шлицами, на 48 или 49 зубьев, есть модификации с 47 и 50 зубами.	Редуктор 53205-2502011-40 отличается от редуктора 53229-2502011-40 межосевым дифференциалом: на 53205 установлен 53205-2506010, на 53229 установлен 53212-2506010, которые в свою очередь отличаются фланцами, т.е. на 53205 МО установлен круглый фланец с торцевыми шлицами 53205-2506037, на 53212 фланец 4310-1802198. Кроме того, на обоих редукторах установлены одинаковые дифференциалы с межколесной блокировкой, т.е. имеют одинаковые чашки в том числе левая 55102-2403019 со шлицами.	
248	Редуктор среднего моста КАМАЗ-6520	6520-2502011 -20,-10		220		249 600	<b>восстановленный</b>, гар.6 мес., срок 4-6 дн.	344 900	<b>новый, завод</b>, под заказ, срок 2-4 мес.				сборка под заказ из новых з/ч, гар.12мес., срок 7 дней					6520-2402011 -10,-20 	53205-2502011 -10(-20,-30,-40)			Редукторы		reduktor-srednego-mosta-kamaz-6520-2502011_35-31-zubev	/agregaty/reduktory/											КАМАЗ-4308, 5460, 6460, 6520, 6520 (Евро-2, -3), 6522 (Евро-2, -3), 65226.	средний мост	110	/agregaty/reduktory/img/	6520-2502011_1.png	6520-2x02011_0.jpg	6520-2x02011_1.jpg	6520-2x02011_2.jpg	6520-2x02011_3.jpg		Зубьев шестерен	35 зуб. - 6520-2502011-10, 31 зуб. - 6520-2502011-20			Фланец	круглый	0.55	0.55	0.71	220	Камаз торцевые шлицы. Устанавливается на автомобили с мостами отечественного производства и MADARA.		
247	Редуктор среднего моста КАМАЗ 65115 Евро МКБ с блокировкой	65115-2502011 -10(-20,-30,-40)		130		159 600	<b>восстановленный</b>, гар.6 мес., срок 4-6 дн.	224 400	<b>новый, завод</b>, под заказ, срок 2-4 мес.				сборка под заказ из новых з/ч, гар.12мес., срок 7 дней					65115-2502011-60	53205-2402011 -20,-30,-10 (*-40)			Редукторы		reduktor-srednego-mosta-kamaz-evro-65115-2502011_48-49-47-50-zubev-s-blokirovkoj	/agregaty/reduktory/											КАМАЗ-65115, 53229, 43318, 65116, 65117	средний мост	65	/agregaty/reduktory/img/	53205-2502011_1.png	53205-2502011_2.png					Зубьев шестерен	48/14; 49/13 (47/15; 50/12)	Под полуось (шлицов)	20 шлицов	Фланец	круглый	0.475	0.51	0.8	181	Редуктор промежуточного моста КамАЗ Евро не взаимозаменяем с классическим, полуосевые шестерни с 20-тью шлицами, на 48 или 49 зубьев, есть модификации с 47 и 50 зубами.	Отличие 65115-2502011-хх от 53205-2502011-хх - Идентичные. Но  отличие должно быть в манжетах МОД. На 53205 2 отечественнные манжеты ставили, на 65115 одна импортная. Но сегодня все равно изготавливают с одной манжетой везде. Поэтому можно любую ставить.	
249	Редуктор среднего моста КАМАЗ 65115, Евро с МКБ 46 зуб.	65115-2502011-60		145		173 100	<b>восстановленный</b>, гар.6 мес., срок 4-6 дн.	306 500	<b>новый, завод</b> в наличии				сборка под заказ из новых з/ч, гар.12мес., срок 7 дней					65115-2502011 -10(-20,-30,-40)	65115-2402011-60			Редукторы		reduktor-srednego-mosta-kamaz-evro-65115-2502011-60_46-zubev-s-blokirovkoj	/agregaty/reduktory/											КАМАЗ-65115, 53229, 43318, 65116, 65117	средний мост		/agregaty/reduktory/img/	53205-2502011_1.png	53205-2502011_2.png					Зубьев шестерен	46	Под полуось (шлицов)	20 шлицов	Фланец	круглый	0.475	0.51	0.8	181	Редуктор промежуточного моста КамАЗ Евро не взаимозаменяем с классическим, полуосевые шестерни с 20-тью шлицами, на 46 зубьев		
																																																										
251	Редуктор переднего моста КАМАЗ 4310-2302010	4310-2302010 -20,-10		80		105 000	<b>восстановленный</b>, гар.6 мес., срок 4-6 дн.	151 100	<b>новый, завод</b>, под заказ, срок 2-4 мес.									43118-2302010 -10,-20				Редукторы		reduktor-perednego-mosta-kamaz-4310-2302010_50-zubev	/agregaty/reduktory/											КАМАЗ-4310, 43101 и другие грузовики 6х6 до 1995 года выпуска	передний мост	50	/agregaty/reduktory/img/	6520-2502011_1.png	6520-2502011_2.png	6520-2502011_3.png	6520-2502011_4.png			Зубьев шестерен	Стандарт - 50, 49 зубьев, под заказ - 48, 47 зубьев. 	Под полуось (шлицов)	16 шлицов	Фланец	квадратный, 4 отв.	0.4	0.5	0.7	132	Без МОДа. Редуктор переднего моста на КАМАЗ 4310 производится на 50 зубьев с передаточным числом 7.22. Этот узел трансмиссии обладает хорошей тягой, обеспечивает грузовику подъем до 31 градуса.		
254	Редуктор переднего моста КАМАЗ 43114/43118-2302010	43118-2302010 -10,-20		85		110 300	<b>восстановленный</b>, гар.6 мес., срок 4-6 дн.	142 900	<b>новый, завод</b>, под заказ, срок 2-4 мес.									4310-2302010 -20,-10				Редукторы		reduktor-perednego-mosta-kamaz-43114-43118-2302010_50-49-zubev	/agregaty/reduktory/											КАМАЗ-43114, 43118	передний мост	50	/agregaty/reduktory/img/	43114-2302010_1.png	43114-2302010_2.png	43114-2302010_3.png				Зубьев шестерен	49/12 (50/12)	Под полуось (шлицов)	20 шлицов	Фланец	круглый	0.4	0.5	0.7	129			
253	Редуктор переднего моста КАМАЗ 4326-2302010	4326-2302010 -10,-20					<b>восстановленный</b>, гар.6 мес., срок 4-6 дн.	162 200	<b>новый, завод</b>, под заказ, срок 2-4 мес.									53205-2402011 -20,-30,-10 (*-40)	53205-2502011 -10(-20,-30,-40)			Редукторы		reduktor-perednego-mosta-kamaz-4326-2302010_50-49-zubev	/agregaty/reduktory/											КАМАЗ-4326, 43261, 4350	передний мост		/agregaty/reduktory/img/	43114-2302010_1.png						Зубьев шестерен	49/12 (50/12)	Под полуось (шлицов)	20 шлицов	Фланец	круглый	0.4	0.5	0.7	129			
255	Редуктор переднего моста КАМАЗ 53228	53228-2302010 -10,-20,-30					<b>восстановленный</b>, гар.6 мес., срок 4-6 дн.	142 200	<b>новый, завод</b>, под заказ, срок 2-4 мес.									4326-2302010 -10,-20	53205-2502011 -10(-20,-30,-40)			Редукторы		reduktor-perednego-mosta-kamaz-53228-2302010_50-49-zubev	/agregaty/reduktory/												передний мост		/agregaty/reduktory/img/	43114-2302010_1.png						Зубьев шестерен	49/12 (50/12)	Под полуось (шлицов)	20 шлицов	Фланец	круглый	0.4	0.5	0.7	129			
256	Редуктор переднего моста КАМАЗ 6522	6522-2302010 -10,-20		100		129 500	<b>восстановленный</b>, гар.6 мес., срок 4-6 дн.	173 800	<b>новый, завод</b>, под заказ, срок 2-4 мес.									6520-2502011 -20,-10	6520-2402011 -10,-20 			Редукторы		reduktor-perednego-mosta-kamaz-6522-2302010_50-49-zubev	/agregaty/reduktory/											КАМАЗ-4308, 5460, 6460, 6520, 6520 (Евро-2, -3), 6522 (Евро-2, -3), 65226.	передний мост		/agregaty/reduktory/img/	6520-2402011_3.png	6520-2x02011_0.jpg	6520-2x02011_1.jpg	6520-2x02011_2.jpg	6520-2x02011_3.jpg		Зубьев шестерен	35 зуб. -10, 31 зуб. -20	Под полуось (шлицов)	20 шлицов	Фланец	круглый							
																																																										
257	Межосевой дифференциал (МОД) КАМАЗ 5320	5320-2506010				-	<b>кап.ремонт</b>, гар.6 мес.,  под заказ				<b>новый, сборка под заказ</b>		сборка под заказ из новых з/ч, Н.Челны, гар.12мес., срок 7 дней					53205-2506010	6520-2506010			МОД		mezhosevoj-differencial-mod-kamaz-5320-2506010	/agregaty/reduktory/											КАМАЗ-5320, КАМАЗ-5410, КАМАЗ-5511, КАМАЗ-53212, КАМАЗ-54112, КАМАЗ-55102			/agregaty/reduktory/img/	5320-2506010_1.png	5320-2506010_2.png	5320-2506010_3.png								Фланец	квадратный	0.34	0.25	0.34	33.1	Межосевой дифференциал, МОД КамАЗ 5320-2506010 нужен для распределения момента между средним и задним ведущими мостами и для обеспечения различных частот вращения колес этих мостов.		
260	Межосевой дифференциал (МОД) КАМАЗ ЕВРО 53205	53205-2506010				88 500	<b>кап.ремонт</b>, гар.6 мес.,  под заказ	-	<b>новый, завод</b>, под заказ, срок 4-12 нед.		<b>Сборка под заказ, новый</b>		сборка под заказ из новых з/ч, Н.Челны, гар.12мес., срок 7 дней					5320-2506010	6520-2506010			МОД		mezhosevoj-differencial-mod-kamaz-evro-53205-2506010	/agregaty/reduktory/											КАМАЗ-53215, 54115, 55111, 65115, 65116, 65117, 65111, 53228, 43114, 43118, 4326, 6540, 53229, 43501, 53501, 53504, 63501, 6450			/agregaty/reduktory/img/	53205-2506010_1.png	53205-2506010_2.png	53205-2506010_3.png	53205-2506010_4.png							Фланец	круглый	0.34	0.25	0.44	31.2			
263	Межосевой дифференциал (МОД) КАМАЗ 6520 ЕВРО-2-3	6520-2506010				-	<b>кап.ремонт</b>, гар.6 мес.,  под заказ		<b>новый, завод</b>, под заказ, срок 4-12 нед.				сборка под заказ из новых з/ч, Н.Челны, гар.12мес., срок 7 дней					5320-2506010	53205-2506010			МОД		mezhosevoj-differencial-mod-kamaz-6520-2506010	/agregaty/reduktory/											КАМАЗ-6520, 6460, 6522, 65226, 65221 			/agregaty/reduktory/img/	6520-2506010_1.png	6520-2506010_2.png									Фланец	круглый	0.18	0.06	0.18	8		сборка: 1) болт М10х 60х 1,25 / г. Белебей 2) крестовина МОД 6520 голая / ОАО КамАЗ 3) сателлит МОД 6520 / ОАО КамАЗ 4) чашки МОД (к-т) 6520 голые / ОАО КамАЗ 5) шайба сателлита МОД 6520 / ОАО КамАЗ	
																																																										
																																																										
																																																										
																																																										
																																																										
																																																										
	тележки																																																									
301	Подвеска КАМАЗ-5320 в сборе старого образца, 8т тележка, на 48, 49 зубьев	5320-2999002				480 000	Кап.ремонт, гарантия 3 мес.		сборка 'под новый', гарантия 6 мес.		завод, новый, под заказ 1-3 мес.							5320-2400020-10	5320-2500020-10	5320-3000012	5511-2999022-20	тележки	222	podveska-kamaz-5320-v-sbore-starogo-obraztsa-8t-telezhka-na-48-49-zubev-5320-2999002	/agregaty/mosty/											КАМАЗ- 5320, 5410, 55102, 53212			/agregaty/mosty/img/	podveska-kamaz-evro-telezhka-v-sbore_1.jpg	podveska-kamaz-evro-telezhka-v-sbore_2.jpg					Рессоры	8 тонн, обычные	Ступицы	старого образца 5 болтов - звезды	АБС	нет	2.45	2.2	0.64	1680	Фланец - квадратный 4 отв., ступицы – старого образца. Нет блокировок и АБС.	Задняя тележка (подвеска в сборе) поставляется на деревянной подставке, первая комплектность (полная): 2 моста с редукторами, ступицы, барабаны, колодки, энергоаккумуляторы, кронштейны, полуоси, рессоры, карданный вал, башмаки балансира, тяги и др.	
303	Подвеска КАМАЗ-5511 в сборе, 10т тележка, на 48, 49 зубьев	5511-2999022-20				492 500	Кап.ремонт, гарантия 3 мес.		сборка 'под новый', гарантия 6 мес.		завод, новый, под заказ 1-3 мес.							5511-2400020-10	5511-2500020-10	5320-3000012	5320-2999002	тележки	222	podveska-kamaz-5511-v-sbore-10t-telezhka-na-48-49-zubev-5511-2999022-20	/agregaty/mosty/											КАМАЗ- 5511, 55111			/agregaty/mosty/img/	podveska-kamaz-evro-telezhka-v-sbore_1.jpg	podveska-kamaz-evro-telezhka-v-sbore_2.jpg					Рессоры	10 тонн, обычные	Ступицы	старого образца 5 болтов - звезды	АБС	нет	2.45	2.4	0.64	1680	Фланец - квадратный 4 отв., ступицы – старого образца. Нет блокировок и АБС.	Задняя тележка (подвеска в сборе) поставляется на деревянной подставке, первая комплектность (полная): 2 моста с редукторами, ступицы, барабаны, колодки, энергоаккумуляторы, кронштейны, полуоси, рессоры, карданный вал, башмаки балансира, тяги и др.	
305	Подвеска КАМАЗ-53205 шасси Евро-1, 10т тележка, на 47, 48 или 49 зубьев.	53205-2999022-20				564 540	Кап.ремонт, гарантия 3 мес.		сборка 'под новый', гарантия 6 мес.	1 377 809	завод, новый, под заказ 1-3 мес.							53205-2400020-10	53205-2500020-30	53205-3000012	43114-2999020-20	тележки	222	podveska-kamaz-53205-shassi-evro-1-10t-telezhka-na-47-48-ili-49-zubev-53205-2999022-20	/agregaty/mosty/											КАМАЗ- 53205, 54105, 53215			/agregaty/mosty/img/	podveska-kamaz-evro-telezhka-v-sbore_1.jpg	podveska-kamaz-evro-telezhka-v-sbore_2.jpg					Рессоры	10 тонн	Ступицы	евро, 10 отв.	АБС	нет	2.45	2.4	0.64	1692	Фланец - круглый евро со шлицами, ступицы – евро (10 отверстий). Возможна установка МОД.	Задняя тележка (подвеска в сборе) поставляется на деревянной подставке, первая комплектность (полная): 2 моста с редукторами, ступицы, барабаны, колодки, энергоаккумуляторы, кронштейны, полуоси, рессоры, карданный вал, башмаки балансира, тяги и др.	
307	Подвеска КАМАЗ-43114 в сборе, 8т тележка	43114-2999020-20				по запросу	Кап.ремонт, гарантия 3 мес.		сборка 'под новый', гарантия 6 мес.	1 427 800	завод, новый, под заказ 1-3 мес.							43114-2400020	43114-2400021-x0	43114-2500012-20	43114-2300020-20	тележки	222	podveska-kamaz-43114-v-sbore-8t-telezhka-43114-2999020-20	/agregaty/mosty/											КАМАЗ- 4310, 43101, 43114			/agregaty/mosty/img/	podveska-kamaz-evro-telezhka-v-sbore_1.jpg	podveska-kamaz-evro-telezhka-v-sbore_2.jpg					Рессоры		Ступицы	евро, 10 отв.	АБС		2.45	2.4	0.64	1700	Фланец - круглый евро со шлицами, ступицы – евро (10 отверстий). Возможна установка МОД.	Задняя тележка (подвеска в сборе) поставляется на деревянной подставке, первая комплектность (полная): 2 моста с редукторами, ступицы, барабаны, колодки, энергоаккумуляторы, кронштейны, полуоси, рессоры, карданный вал, башмаки балансира, тяги и др.	
309	Подвеска КАМАЗ-43118 в сборе, 10т тележка	43118-2999125-10				1 235 000	Кап.ремонт, гарантия 3 мес.		сборка 'под новый', гарантия 6 мес.	1 457 800	завод, новый, под заказ 1-3 мес.							43118-2400020-20	43118-2500020	43118-2300020	43114-2999020-20	тележки	222	podveska-kamaz-43118-v-sbore-10t-telezhka-43118-2999125-10	/agregaty/mosty/											КАМАЗ- 43118			/agregaty/mosty/img/	podveska-kamaz-evro-telezhka-v-sbore_1.jpg	podveska-kamaz-evro-telezhka-v-sbore_2.jpg					Рессоры		Ступицы	евро, 10 отв.	АБС		2.45	2.4	0.64	1700	Фланец - круглый евро со шлицами, ступицы – евро (10 отверстий). Возможна установка МОД.	Задняя тележка (подвеска в сборе) поставляется на деревянной подставке, первая комплектность (полная): 2 моста с редукторами, ступицы, барабаны, колодки, энергоаккумуляторы, кронштейны, полуоси, рессоры, карданный вал, башмаки балансира, тяги и др.	
311	Подвеска КАМАЗ-65115 евро-ступицы, 15т тележка, на 46, 47, 48 или 49 зубьев	65115-2999001-10				по запросу	Кап.ремонт, гарантия 3 мес.		сборка 'под новый', гарантия 6 мес.	1 639 000	завод, новый, под заказ 1-3 мес.							65115-2400020-x0	65115-2500021-x0	65111-2300023-10	65115-3000012	тележки	222	podveska-kamaz-65115-evro-stupitsy-15t-telezhka-na-46-47-48-ili-49-zubev-65115-2999001-10	/agregaty/mosty/											КАМАЗ- 65115, 53229, 53228, 65116, 65117			/agregaty/mosty/img/	podveska-kamaz-evro-telezhka-v-sbore_1.jpg	podveska-kamaz-evro-telezhka-v-sbore_2.jpg					Рессоры	15 тонн	Ступицы	евро, 10 отв.	АБС	опционально	2.45	2.4	0.64	1692	Фланец - круглый евро со шлицами, ступицы – евро (10 отверстий). Установлены межколесные блокировки и антиблокировочные системы.	Задняя тележка (подвеска в сборе) поставляется на деревянной подставке, первая комплектность (полная): 2 моста с редукторами, ступицы, барабаны, колодки, энергоаккумуляторы, кронштейны, полуоси, рессоры, карданный вал, башмаки балансира, тяги и др.	
313	Подвеска КАМАЗ-6520 в сборе, 20т тележка, на 35 или 31 зуб	6520-2999001				по запросу	Кап.ремонт, гарантия 3 мес.	835 600	сборка 'под новый', гарантия 6 мес.	--	завод, новый, под заказ 1-3 мес.							321.1-00.00.00	6520-2500011-10	6522-2300022	6520-3000012-02	тележки	222	podveska-kamaz-6520-v-sbore-20t-telezhka-na-35-ili-31-zub-6520-2999001	/agregaty/mosty/											КАМАЗ- 6520, 6522, 6460, 65222			/agregaty/mosty/img/							Рессоры	20 тонн	Ступицы	евро, 10 отв.	АБС	да	2.37	2.2	0.9	1955	Фланец - круглый евро со шлицами, ступицы – евро (10 отверстий). Установлены межколесные блокировки и антиблокировочные системы.	Задняя тележка (подвеска в сборе) поставляется на деревянной подставке, первая комплектность (полная): 2 моста, 2 редуктора, ступицы, энергоаккумуляторы, ось с кронштейнами, рессоры, карданный вал, башмаки балансира, тяги и др.	
	мосты																																																									
317	Мост задний КАМАЗ-5320 на 49, 48 зубьев	5320-2400020-10		180		230 000	Кап.ремонт, гарантия 3 мес.			334 000	завод, новый, под заказ 1-3 мес.							5320-2500020-10	5320-3000012	5320-2999002		мосты	222	most-zadnij-kamaz-5320-na-49-48-zubev-5320-2400020-10	/agregaty/mosty/											КАМАЗ- 5320, 5410, 5511, 55102, 53212			/agregaty/mosty/img/	most-zadniy-kamaz-53205_4.jpg						Полуось	16 шлицов	Ступицы	нет	АБС	нет	2.22	0.67	0.55	582	Фланец - квадратный 4 отв., ступицы – старого образца, возможна установка ступиц нового евро-образца. Нет блокировок и АБС.	Мост поставляется на специальной подставке. Первая комплектация: картер моста, редуктор, ступицы, барабаны, колодки, энергоаккумуляторы, кронштейны, полуоси и др.	
319	Мост задний КАМАЗ-5511 на 49, 48 зубьев	5511-2400020-10		180		230 000	Кап.ремонт, гарантия 3 мес.			334 000	завод, новый, под заказ 1-3 мес.							5511-2500020-10	5320-3000012	5511-2999022-20		мосты	222	most-zadnij-kamaz-5511-na-49-48-zubev-5511-2400020-10	/agregaty/mosty/											КАМАЗ- 5320, 5410, 5511, 55102, 53212			/agregaty/mosty/img/	most-zadniy-kamaz-53205_4.jpg						Полуось	16 шлицов	Ступицы	нет	АБС	нет	2.22	0.67	0.55	582	Фланец - квадратный 4 отв., ступицы – старого образца, возможна установка ступиц нового евро-образца. Нет блокировок и АБС.	Мост поставляется на специальной подставке. Первая комплектация: картер моста, редуктор, ступицы, барабаны, колодки, энергоаккумуляторы, кронштейны, полуоси и др.	
321	Мост задний КАМАЗ-4310, 43114 на 49, 50, 48 зубьев	43114-2400020		160		214 500	Кап.ремонт, гарантия 3 мес.			386 300	завод, новый, под заказ 1-3 мес.							43114-2500012-20	43114-2300020-20	43114-2999020-20		мосты	222	most-zadnij-kamaz-4310-43114-na-49-50-48-zubev-43114-2400020	/agregaty/mosty/											КАМАЗ- 4310, 43101, 43114			/agregaty/mosty/img/	most-zadniy-kamaz-53205_4.jpg						Полуось	16 шлицов	Ступицы	нет	АБС	нет	2.22	0.67	0.55	582	Фланец - квадратный 4 отв., ступицы – старого образца, возможна установка ступиц нового евро-образца. Нет блокировок и АБС.	Мост поставляется на специальной подставке. Первая комплектация: картер моста, редуктор, ступицы, барабаны, колодки, энергоаккумуляторы, кронштейны, полуоси и др.	
323	Мост задний КАМАЗ-43114 на 49, 50, 48 зубьев	43114-2400021-x0				по запросу	Кап.ремонт, гарантия 3 мес.				завод, новый, под заказ 1-3 мес.							43114-2500020-20	43114-2300020-20	43114-2999020-20		мосты	222	most-zadnij-kamaz-43114-na-49-50-48-zubev-43114-240002	/agregaty/mosty/											КАМАЗ- 43114, 43118			/agregaty/mosty/img/	most-zadniy-kamaz-53205_4.jpg						Полуось	20 шлицов	Ступицы	опционально	АБС	опционально	2.22	0.67	0.55	582	Фланец - круглый евро со шлицами, ступицы – евро. Возможна установка блокировок и АБС.	Мост поставляется на специальной подставке. Первая комплектация: картер моста, редуктор, ступицы, барабаны, колодки, энергоаккумуляторы, кронштейны, полуоси и др.	
325	Мост задний КАМАЗ-43118 на 49, 48 зубьев	43118-2400020-20	330			298 000	Кап.ремонт, гарантия 3 мес.			498 150	завод, новый, под заказ 1-3 мес.	410 000	<b>самосбор, новый, в наличии 49 зуб. </b>					43118-2500020	43118-2300020	43118-2999125-10		мосты	222	most-zadnij-kamaz-43118-na-49-48-zubev-43118-2400020-20	/agregaty/mosty/											КАМАЗ- 43118			/agregaty/mosty/img/	most-zadniy-kamaz-53205_4.jpg						Полуось	20 шлицов	Ступицы	опционально	АБС	опционально	2.22	0.67	0.55	582	Фланец - круглый евро со шлицами, ступицы – евро. Возможна установка блокировок и АБС.	Мост поставляется на специальной подставке. Первая комплектация: картер моста, редуктор, ступицы, барабаны, колодки, энергоаккумуляторы, кронштейны, полуоси и др.	
327	Мост задний КАМАЗ-43261	43114-2400025-20				по запросу	Кап.ремонт, гарантия 3 мес.				завод, новый, под заказ 1-3 мес.							43114-2500021-20 (10)	43114-2300020-20	43114-2999020-20		мосты	222	most-zadnij-kamaz-43261-43114-2400025-20	/agregaty/mosty/											КАМАЗ- 43261, 43114			/agregaty/mosty/img/	most-zadniy-kamaz-53205_4.jpg						Полуось		Ступицы		АБС		2.22	0.67	0.55	582	Фланец - круглый евро со шлицами, ступицы – евро. Возможна установка блокировок и АБС.	Мост поставляется на специальной подставке. Первая комплектация: картер моста, редуктор, ступицы, барабаны, колодки, энергоаккумуляторы, кронштейны, полуоси и др.	
329	Мост задний КАМАЗ-4326 на 50 зубьев	4326-2400021-10				по запросу	Кап.ремонт, гарантия 3 мес.				завод, новый, под заказ 1-3 мес.							43114-2400025-20	43114-2500012-20	43114-2999020-20		мосты	222	most-zadnij-kamaz-4326-na-50-zubev-4326-2400021-10	/agregaty/mosty/											КАМАЗ- 4326			/agregaty/mosty/img/	most-zadniy-kamaz-53205_4.jpg						Полуось	16 шлицов	Ступицы	нет	АБС	нет	2.22	0.67	0.55	580	Фланец - квадратный 4 отв., ступицы – старого образца, возможна установка ступиц нового евро-образца. Нет блокировок и АБС.	Мост поставляется на специальной подставке. Первая комплектация: картер моста, редуктор, ступицы, барабаны, колодки, энергоаккумуляторы, кронштейны, полуоси и др.	
331	Мост задний КАМАЗ-53205 без блокировки на 47, 48 или 49 зубьев 	53205-2400020-10		195		244 000	Кап.ремонт, гарантия 3 мес.				завод, новый, под заказ 1-3 мес.							53205-2500020-30	53205-3000012	53205-2999022-20		мосты	222	most-zadnij-kamaz-53205-na-47-48-ili-49-zubev-53205-2400020-10	/agregaty/mosty/											КАМАЗ- 53205, 54105, 55111, 65115			/agregaty/mosty/img/	most-zadniy-kamaz-53205_4.jpg						Полуось	20 шлицов	Ступицы	нет	АБС	опционально	2.22	0.67	0.55	583	Фланец - круглый евро со шлицами, ступицы – евро. Возможна установка блокировок и АБС.	Мост поставляется на специальной подставке. Первая комплектация: картер моста, редуктор, ступицы, барабаны, колодки, энергоаккумуляторы, кронштейны, полуоси и др.	
333	Мост задний КАМАЗ-53215 на 47, 48 или 49 зубьев	53215-2400020-10				по запросу	Кап.ремонт, гарантия 3 мес.			384 266	завод, новый, под заказ 1-3 мес.							53205-2500020-30	53205-3000012	53205-2999022-20		мосты	222	most-zadnij-kamaz-53215-na-47-48-ili-49-zubev-53215-2400020-10	/agregaty/mosty/											КАМАЗ- 53215			/agregaty/mosty/img/	most-zadniy-kamaz-53205_4.jpg						Полуось	16/20 шлицов	Ступицы	нет	АБС	нет	2.22	0.67	0.55	583	Фланец - круглый евро со шлицами, ступицы – евро. Возможна установка блокировок и АБС.	Мост поставляется на специальной подставке. Первая комплектация: картер моста, редуктор, ступицы, барабаны, колодки, энергоаккумуляторы, кронштейны, полуоси и др.	
335	Мост задний КАМАЗ-65115 на 46, 47, 48 или 49 зубьев	65115-2400020-x0		210	225	252 500	Кап.ремонт, без блокировки, гарантия 3 мес.	267 500	Кап.ремонт, с блокировкой, гарантия 3 мес., 65115-2400021-xx		завод, новый, под заказ 1-3 мес.							65115-2500021-x0	65111-2300023-10	65115-2999001-10		мосты	222	most-zadnij-kamaz-65115-na-46-47-48-ili-49-zubev-65115-2400020-10	/agregaty/mosty/											КАМАЗ- 65115, 65116, 65117, 53229, 53228			/agregaty/mosty/img/	most-zadniy-kamaz-53205_4.jpg						Полуось	20 шлицов	Ступицы	МОД - МКБ +	АБС	опционально	2.22	0.67	0.55	583	Фланец - круглый евро со шлицами, ступицы – евро. Возможна установка блокировок и АБС.	Мост поставляется на специальной подставке. Первая комплектация: картер моста, редуктор, ступицы, барабаны, колодки, энергоаккумуляторы, кронштейны, полуоси и др.	
337	Мост задний КАМАЗ-6520 на 35 или 31 зуб	6520-2400011-10		250		320 000	Кап.ремонт, гарантия 3 мес.				завод, новый, под заказ 1-3 мес.							6520-2500011-10	6522-2300022	6520-2999001	6520-3000012-02	мосты	222	most-zadnij-kamaz-6520-na-35-ili-31-zub-6520-2400011-10	/agregaty/mosty/											КАМАЗ- 6520, 6522, 65222, 65205, 6460			/agregaty/mosty/img/							Полуось	20 шлицов	Ступицы	МОД - МКБ +	АБС	да	2.30	0.82	0.73	760	Фланец - круглый евро со шлицами, ступицы – евро. Редукторы на 35 или 31 зуб. Наличие блокировок. Наличие АБС.	Мост поставляется на специальной подставке. Первая комплектация: картер моста, редуктор, ступицы, барабаны, колодки, энергоаккумуляторы, кронштейны, полуоси и др.	
339	Мост задний КАМАЗ-6520 MADARA	321.1-00.00.00		260		308 000	Кап.ремонт, гарантия 3 мес.				завод, новый, под заказ 1-3 мес.							320.1-00.00.00	6520-3000012-02	6520-3000012-02		мосты	222	most-zadnij-kamaz-6520-madara-3211-000000	/agregaty/mosty/											КАМАЗ- 6520, 6522, 65222, 65205, 6460			/agregaty/mosty/img/							Полуось		Ступицы	МОД - МКБ +	АБС	да	2.37	0.95	0.88	900	Фланец - круглый евро со шлицами, ступицы – Мадара. Редукторы на 35 или 31 зуб. Наличие блокировок. Наличие АБС.	Мост поставляется на специальной подставке. Первая комплектация: Картер моста с кронштейнами, редуктор, тормозные механизмы, энергоаккумуляторы, полуоси, ступицы с барабанами и др.	
	    средние										завод, новый, под заказ 1-3 мес.																																															
343	Мост средний КАМАЗ-5320 старого образца на 47, 48 или 49 зубьев	5320-2500020-10		195		254 000	Кап.ремонт, гарантия 3 мес.				завод, новый, под заказ 1-3 мес.							5320-2400020-10	5320-3000012	5320-2999002		мосты	222	most-srednij-kamaz-5320-starogo-obraztsa-na-47-48-ili-49-zubev-5320-2500020-10	/agregaty/mosty/											КАМАЗ- 5320, 5410, 5511, 55102, 53212			/agregaty/mosty/img/							Полуось	16 шлицов	Ступицы	МОД + МКБ -	АБС	нет	2.22	0.67	0.55	584	Фланец - квадратный 4 отв., ступицы – старого образца, возможна установка ступиц нового евро-образца. Нет блокировок и АБС.	Мост поставляется на специальной подставке. Первая комплектация: картер моста, редуктор, ступицы, барабаны, колодки, энергоаккумуляторы, кронштейны, полуоси и др.	
345	Мост средний КАМАЗ-5511 на 47, 48 или 49 зубьев	5511-2500020-10		195		254 000	Кап.ремонт, гарантия 3 мес.				завод, новый, под заказ 1-3 мес.							5511-2400020-10	5320-3000012	5511-2999022-20		мосты	222	most-srednij-kamaz-5511-na-47-48-ili-49-zubev-5511-2500020-10	/agregaty/mosty/											КАМАЗ- 5320, 5410, 5511, 55102, 53212			/agregaty/mosty/img/							Полуось	16 шлицов	Ступицы	МОД + МКБ -	АБС	нет	2.22	0.67	0.55	584	Фланец - квадратный 4 отв., ступицы – старого образца, возможна установка ступиц нового евро-образца. Нет блокировок и АБС.	Мост поставляется на специальной подставке. Первая комплектация: картер моста, редуктор, ступицы, барабаны, колодки, энергоаккумуляторы, кронштейны, полуоси и др.	
347	Мост средний КАМАЗ-53205 Евро без блокировки на 47, 48 или 49 зубьев	53205-2500020-30		210		267 500	Кап.ремонт, гарантия 3 мес.				завод, новый, под заказ 1-3 мес.							53205-2400020-10	53205-3000012	53205-2999022-20		мосты	222	most-srednij-kamaz-53205-na-47-48-ili-49-zubev-53205-2500020-30	/agregaty/mosty/											КАМАЗ- 53205, 54105, 55111, 53215, 65115			/agregaty/mosty/img/							Полуось	20 шлицов	Ступицы	МОД + МКБ +/-	АБС	нет	2.22	0.67	0.55	583	Фланец - круглый евро со шлицами, ступицы – евро. Возможна установка блокировок.	Мост поставляется на специальной подставке. Первая комплектация: картер моста, редуктор, ступицы, барабаны, колодки, энергоаккумуляторы, кронштейны, полуоси и др.	
349	Мост средний КАМАЗ-4310, 43114 на 49, 50, 48 зубьев	43114-2500012-20		165		219 400	Кап.ремонт, гарантия 3 мес.			409 976	завод, новый, под заказ 1-3 мес.							43114-2400020	43114-2300020-20	43114-2999020-20		мосты	222	most-srednij-kamaz-4310-43114-na-49-50-48-zubev-43114-2500012-20	/agregaty/mosty/											КАМАЗ- 4310, 43101, 43114			/agregaty/mosty/img/							Полуось	16 шлицов	Ступицы	МОД + МКБ -	АБС	нет	2.22	0.67	0.55	562	Фланец - квадратный 4 отв., ступицы – старого образца, возможна установка ступиц нового евро-образца. Возможна установка МОД	Мост поставляется на специальной подставке. Первая комплектация: картер моста, редуктор, ступицы, барабаны, колодки, энергоаккумуляторы, кронштейны, полуоси и др.	
351	Мост средний КАМАЗ-4310, 43114 на 49, 50, 48 зубьев	43114-2500020-20		170		219 500	Кап.ремонт, гарантия 3 мес.			403 500	завод, новый, под заказ 1-3 мес.							43114-2400021-x0	43114-2300020-20	43114-2999020-20		мосты	222	most-srednij-kamaz-4310-43114-na-49-50-48-zubev-43114-2500020-20	/agregaty/mosty/											КАМАЗ- 4310, 43101, 43114			/agregaty/mosty/img/							Полуось	16 шлицов	Ступицы		АБС	нет	2.22	0.67	0.55	582	Фланец - квадратный 4 отв., ступицы – старого образца, возможна установка ступиц нового евро-образца. Нет блокировок и АБС.	Мост поставляется на специальной подставке. Первая комплектация: картер моста, редуктор, ступицы, барабаны, колодки, энергоаккумуляторы, кронштейны, полуоси и др.	
353	Мост средний КАМАЗ-43114 на 47, 48 или 49 зубьев	43114-2500021-20 (10)	330			228 000	Кап.ремонт, гарантия 3 мес.			398 700	завод, новый, под заказ 1-3 мес.							43114-2400025-20	43114-2300020-20	43114-2999020-20		мосты	222	most-srednij-kamaz-43114-na-47-48-ili-49-zubev-43114-2500021-20	/agregaty/mosty/											КАМАЗ- 43114, 43118			/agregaty/mosty/img/							Полуось	20 шлицов	Ступицы	МОД + МКБ +	АБС	опционально	2.22	0.67	0.55	582	Фланец - круглый евро со шлицами, ступицы – евро. Возможна установка блокировок и АБС.	Мост поставляется на специальной подставке. Первая комплектация: картер моста, редуктор, ступицы, барабаны, колодки, энергоаккумуляторы, кронштейны, полуоси и др.	
355	Мост средний КАМАЗ-43118 на 47, 48 или 49 зубьев	43118-2500020	420	215	225	315 000	Кап.ремонт, <b>без МОД</b>, гарантия 3 мес.	325 000	Кап.ремонт, <b>с МОД</b>, гарантия 3 мес.		завод, новый, под заказ 1-3 мес.	440 000	<b>самосбор, новый, в наличии 49 зуб. </b>					43118-2400020-20	43118-2300020	43118-2999125-10		мосты	222	most-srednij-kamaz-43118-na-47-48-ili-49-zubev-43118-2500020	/agregaty/mosty/											КАМАЗ- 43118, 43114			/agregaty/mosty/img/							Полуось	20 шлицов	Ступицы	МОД + МКБ +	АБС	опционально	2.22	0.67	0.55	582	Фланец - круглый евро со шлицами, ступицы – евро. Возможна установка блокировок и АБС.	Мост поставляется на специальной подставке. Первая комплектация: картер моста, редуктор, ступицы, барабаны, колодки, энергоаккумуляторы, кронштейны, полуоси и др.	
357	Мост средний КАМАЗ-65115 Евро с блокировкой на 46, 47, 48 или 49 зубьев	65115-2500021-x0		225		325 000	Кап.ремонт, гарантия 3 мес.				завод, новый, под заказ 1-3 мес.							65115-2400020-x0	65111-2300023-10	65115-2999001-10		мосты	222	most-srednij-kamaz-65115-na-46-47-48-ili-49-zubev-65115-2500021-40	/agregaty/mosty/											КАМАЗ- 65115, 53229, 53228, 65116, 65117			/agregaty/mosty/img/							Полуось	20 шлицов	Ступицы	МОД + МКБ +	АБС	опционально	2.22	0.67	0.55	592	Фланец - круглый евро со шлицами, ступицы – евро. Возможна установка блокировок. Наличие АБС.	Мост поставляется на специальной подставке. Первая комплектация: картер моста, редуктор, ступицы, барабаны, колодки, энергоаккумуляторы, кронштейны, полуоси и др.	
359	Мост средний КАМАЗ-6520, 35 или 31 зуб	6520-2500011-10		350		430 000	Кап.ремонт, гарантия 3 мес.				завод, новый, под заказ 1-3 мес.							6520-2400011-10	6522-2300022	6520-2999001		мосты	222	most-srednij-kamaz-6520-35-ili-31-zub-6520-2500011-10	/agregaty/mosty/											КАМАЗ- 6520, 6522, 65222, 65205, 6460			/agregaty/mosty/img/							Полуось	20 шлицов	Ступицы	МОД + МКБ +	АБС	да	2.30	0.7	0.56	692	Фланец - круглый евро со шлицами, ступицы – евро. Редукторы на 35 или 31 зуб. Наличие блокировок. Наличие АБС.	Мост поставляется на специальной подставке. Первая комплектация: картер моста, редуктор, ступицы, барабаны, колодки, энергоаккумуляторы, кронштейны, полуоси и др.	
361	Мост средний КАМАЗ-6520 MADARA	320.1-00.00.00		330		429 500	Кап.ремонт, гарантия 3 мес.				завод, новый, под заказ 1-3 мес.							321.1-00.00.00	6520-3000012-02	6520-2999001		мосты	222	most-srednij-kamaz-6520-madara-3201-000000	/agregaty/mosty/											КАМАЗ- 6520, 6522, 65222, 65205, 6460			/agregaty/mosty/img/							Полуось		Ступицы	МОД + МКБ +	АБС	да	2.37	0.95	0.88	886	Фланец - круглый евро со шлицами, ступицы – евро. Редукторы на 35 или 31 зуб. Наличие блокировок. Наличие АБС.	Мост поставляется на специальной подставке. Первая комплектация: Картер моста с кронштейнами, редуктор, тормозные механизмы, энергоаккумуляторы, полуоси,  ступицы с барабанами и др.	
	    передние										завод, новый, под заказ 1-3 мес.																																															
365	Мост передний КАМАЗ-4310	43114-2300020-20		200		по запросу	Кап.ремонт, гарантия 3 мес.				завод, новый, под заказ 1-3 мес.							43114-2500012-20	43114-2400020	43114-2999020-20		мосты	222	most-perednij-kamaz-4310-43114-43114-2300020-20	/agregaty/mosty/											КАМАЗ- 4310, 43114			/agregaty/mosty/img/	most-perednniy-kamaz-43118_6.jpg	most-perednniy-kamaz-43118_7.jpg					Полуось	16 шлицов	Ступицы		АБС	нет	2.2	0.65	0.55	566	Фланец - квадратный 4 отв., ступицы – старого образца, возможна установка ступиц нового евро-образца. Нет блокировок и АБС.	картер моста, редуктор, ступицы, барабаны, колодки, энергоаккумуляторы, полуоси, кронштейны и др.	
367	Мост передний КАМАЗ-43118	43118-2300020	420	290		344 500	Восстанов., гарантия 3 мес., в наличии 49 и 50 зуб. с АБС		 + АБС, 43118-2300020-10	547 500	завод, новый, под заказ 2-3 мес.	486 000	<b>самосбор, новый, в наличии 49 зуб. </b>					43118-2500020	43114-2400021-x0	43118-2999125-10		мосты	222	most-perednij-kamaz-43118-43118-2300020	/agregaty/mosty/											КАМАЗ- 43114, 43118 На полноприводные автомобили 6х6			/agregaty/mosty/img/	most-perednniy-kamaz-43118_6.jpg	most-perednniy-kamaz-43118_7.jpg					Полуось	20 шлицов	Ступицы		АБС	опционально	2.2	0.65	0.55	566	Фланец - круглый, ступицы – евро. Возможна установка блокировок и АБС.	картер моста, редуктор, ступицы, барабаны, колодки, энергоаккумуляторы, полуоси, кронштейны и др.	
369	Мост передний КАМАЗ-65111	65111-2300023-10				по запросу	Кап.ремонт, гарантия 3 мес.				завод, новый, под заказ 1-3 мес.							65115-2500021-x0	65115-2400020-x0	65115-2999001-10		мосты	222	most-perednij-kamaz-65111-65111-2300023-10	/agregaty/mosty/											КАМАЗ- 65111			/agregaty/mosty/img/	most-perednniy-kamaz-43118_6.jpg	most-perednniy-kamaz-43118_7.jpg					Полуось	20 шлицов	Ступицы		АБС	да	2.2	0.65	0.55	690	Фланец - круглый евро со шлицами, ступицы – евро. Возможна установка блокировок. Наличие АБС.	картер моста, редуктор, ступицы, барабаны, колодки, энергоаккумуляторы, полуоси, кронштейны и др.	
371	Мост передний КАМАЗ-6520	6522-2300022		270	360	355 400	Кап.ремонт, гарантия 3 мес.	398'500	Восстановленная 'под новый', отличный внешний вид	820 000	завод, новый, в наличии							6520-2500011-10	6520-2400011-10	6520-2999001		мосты	222	most-perednij-kamaz-6520-6520-2300022	/agregaty/mosty/		6522-2300022-10, 6522-2300022-20									КАМАЗ- 6520, 6522, 65222, 65205, 6460			/agregaty/mosty/img/							Полуось		Ступицы		АБС		2.25	0.95	0.8	820			
373	Мост передний КАМАЗ-6522 MADARA			330	360	378 400	Кап.ремонт, гарантия 3 мес.	452'500	Восстановленная 'под новый', отличный внешний вид		завод, новый, под заказ 1-3 мес.																																															
	оси										завод, новый, под заказ 1-3 мес.																																															
375	Ось передняя на КАМАЗ-5320, 5511	5320-3000012		100		122 000	Кап.ремонт, гарантия 3 мес. (Новые - барабаны, подшипники, трещетки, камеры тормозные, пружины тормозные. Ступицы новые или б\у в отличном состоянии. Восстановленные -  балка, кулаки, тяга рулевая)			338 000	завод, новый, под заказ 1-3 мес.							5320-2500020-10	5320-2400020-10	5320-2999002		оси	222	os-perednyaya-na-kamaz-5320-5511-5320-3000012	/agregaty/mosty/											Применяется на бортовые автомобили КАМАЗ- 6х4 старых выпусков (до 2000 года) КАМАЗ-5320, 5410, 53212, 5511, 55102			/agregaty/mosty/img/							Полуось	обычные	Ступицы	ступицы старого образца, звезды	АБС	нет	2.4	0.62	0.72	357	Ось поставляется в сборе, на деревянной подставке. Первая комплектация: балка оси, тяга, поворотные кулаки, тормозные камеры, колодки, ступицы, барабаны и др.		
377	Ось передняя КАМАЗ-53205 Евро 	53205-3000012		110	120	128 500	Кап.ремонт, <b>под узкую рессору</b>, гарантия 3 мес., срок 10 дней.   (Новые - барабаны, подшипники, трещетки, камеры тормозные, пружины тормозные. Ступицы новые или б\у в отличном состоянии. Восстановленные -  балка, кулаки, тяга рулевая)	138 500	<b>Кап.ремонт, под широкую рессору</b>, гарантия 3 мес.(Новые - барабаны, подшипники, трещетки, камеры тормозные, пружины тормозные. Ступицы новые или б\у в отличном состоянии. Восстановленные -  балка, кулаки, тяга рулевая)	338 000	завод, новый, под заказ 1-3 мес.							53205-2500020-30	53205-2400020-10	53205-2999022-20		оси	222	os-perednyaya-kamaz-53205-s-tormozami-53205-3000012	/agregaty/mosty/											КАМАЗ- 53205, 54105, 53215, 55111			/agregaty/mosty/img/							Полуось	обычные	Ступицы	евро ступицы 10 отверстий (65115-3103015)	АБС	нет	2.4	0.62	0.72	316	Ось поставляется в сборе, на деревянной подставке. Первая комплектация: балка оси, тяга, поворотные кулаки, тормозные камеры, колодки, ступицы, барабаны и др.		
379	Ось передняя КАМАЗ-65115, 53229 с тормозами	53229-3000012				226 900	Кап.ремонт, гарантия 3 мес. (Новые - барабаны, подшипники, трещетки, камеры тормозные, пружины тормозные. Ступицы новые или б\у в отличном состоянии. Восстановленные -  балка, кулаки, тяга рулевая)			338 000	завод, новый, под заказ 1-3 мес.							65115-2500021-x0	65115-2400020-x0	65115-2400020-x0		оси	222	os-perednyaya-kamaz-65115-53229-s-tormozami-53229-3000012	/agregaty/mosty/											КАМАЗ- 65115, 65116, 65117, 53229			/agregaty/mosty/img/							Полуось	узкие или широкие	Ступицы	евро ступицы 10 отверстий (65115-3103015)	АБС	опционально	2.37	0.46	0.54	323	Ось поставляется в сборе, на деревянной подставке. Первая комплектация: балка оси, тяга, поворотные кулаки, тормозные камеры, колодки, ступицы, барабаны и др.		
381	Ось передняя КАМАЗ-65115 с тормозами	65115-3000012				188 000	Кап.ремонт, гарантия 3 мес. (Новые - барабаны, подшипники, трещетки, камеры тормозные, пружины тормозные. Ступицы новые или б\у в отличном состоянии. Восстановленные -  балка, кулаки, тяга рулевая)			338 000	завод, новый, под заказ 1-3 мес.							65115-2500021-x0	65115-2400020-x0	65115-2999001-10		оси	222	os-perednyaya-kamaz-65115-s-tormozami-65115-3000012	/agregaty/mosty/											КАМАЗ- 53229, 65115, 65116, 65117			/agregaty/mosty/img/							Полуось		Ступицы	евро ступицы 10 отверстий (65115-3103015)	АБС		2.37	0.46	0.54	337	Ось поставляется в сборе, на деревянной подставке. Первая комплектация: балка оси, тяга, поворотные кулаки, тормозные камеры, колодки, ступицы, барабаны и др.		
383	Ось передняя на КАМАЗ-6520 с тормозами	6520-3000012-02				440 000	Кап.ремонт, гарантия 3 мес. (Новые - барабаны, подшипники, трещетки, камеры тормозные, пружины тормозные. Ступицы новые или б\у в отличном состоянии. Восстановленные -  балка, кулаки, тяга рулевая)			592 000	завод, новый, под заказ 1-3 мес.							6520-2500011-10	6520-2400011-10	6520-2999001		оси	222	os-perednyaya-na-kamaz-6520-s-tormozami-6520-3000012-02	/agregaty/mosty/											КАМАЗ-6520, 5360, 5460, для ведущего моста на автомобилях 			/agregaty/mosty/img/							Полуось		Ступицы	евро ступицы 10 отверстий (65115-3103015)	АБС		2.49	0.474	0.474	440	Ось поставляется в сборе, на деревянной подставке. Первая комплектация: балка оси, тяга, поворотные кулаки, тормозные камеры, колодки, ступицы, барабаны и др.		