id	name	code1	code2	завод	закуп1	закуп2	price1	price1_name	price2	price2_name	price3	price3_name	price4	price4_name	price5	price5_name	price6	price6_name	price7	price7_name	price8	price8_name	lk1	lk2	lk3	lk4	cat	cat2	url	path	ord	code3		img_path	img1	img2	img3	img4	img5	prim	prim2	par1	text1	par2	text2	par3	text3	w	h	l	m	desc	Comment
1	Блок цилиндров двигателя 740.10, 7403	740.21-1002012-20					375 000	завод, новый, НЕТ в наличиии		новый, с хранения, старого образца 740.1002012			98 000	подбор б\у, стандарт Р0, проверена соосность, втулки новые, готов к установке													Блоки цилиндров		blok-cilindrov-kamaz-evro-0-dvig-kamaz-740-10-7403__740-21-1002011-20	/dvigatel_zapchasti/catalog/bloki/				/dvigatel_zapchasti/img/bloki/	740.21-1002011-20(21)_1.jpg					КамАЗ 4310, 5320, 5511, 5410. Урал 4320	двигатели: 740.10, 7403.10 до 2002 г.в. (за некоторыми исключениями)							0.64	0.45	0.7	232	Блок двигателя 4310	
3	Блок цилиндров ЯЗДА двигателя КамАЗ Евро-1, Евро-2	740.21-1002012	740.21-1002011, 740.21-1002010		299		478 000	под ЯЗДА, новый, в наличиии					168 800	подбор б\у, стандарт Р0, проверена соосность, втулки новые, готов к установке											740.13-1005008	740.13-1000128	Блоки цилиндров		blok-cilindrov-yazda-dvigatelya-kamaz-evro-1-evro-2__740-21-1002012	/dvigatel_zapchasti/catalog/bloki/				/dvigatel_zapchasti/img/bloki/	740.21-1002012_1.jpg	740.21-1002012_2.jpg					двигатели Евро1: 740.11, 740.13, 740.30, Евро-2: 740.31, 740.50, 740.51, 740.55 с топливной аппаратурой ЯЗДА							0.64	0.45	0.7	232	Блок цилиндров под Ярославльский ТНВД 740.21-1002012, с втулками и заглушками	
5	Блок цилиндров под Bosch двигателя КамАЗ Евро-2, Евро-3	740.21-1002012-10	740.21-1002011-10, 740.21-1002010-10	евро	4326	380340	422 600	завод, новый, НЕТ					168 800	подбор б\у, стандарт Р0, проверена соосность, втулки новые, готов к установке		подбор б\у, размер стандарт Р0, выведена  соосность, втулки новые, готов к установке. 											Блоки цилиндров		blok-cilindrov-pod-bosch-dvigatelya-kamaz-evro-2-evro-3__740-21-1002012-10	/dvigatel_zapchasti/catalog/bloki/				/dvigatel_zapchasti/img/bloki/	740.21-1002012-10_1.jpg	740.21-1002012-10_2.jpg				Автомобили  КАМАЗ: 65115, 6522, 65117, 44108, 6460, 5460, 65111, 6520 и другие подобные машины, в том числе на автобусы	двигатели Евро-2: 740.30, 740.31, 740.50 и 740.51, Евро-3:740.60, 740.61, 740.62 с топливной аппаратурой Bosch							0.7	0.6	0.8	235	На данном блоке цилиндров присутствуют: - 2 отверстия под крепление теплообменника и дополнительные каналы для установки теплооменника;  - обработанные бобышки под установку форсунок охлаждения поршней; - отверстия под датчик управления муфтой 	Поставляется без распредвала
7	Блок цилиндров для двигателя КамАЗ Евро-4,5 Common Rail	740.70-1002010 (11)					418 000	<b>завод, новый, в наличии</b> 740.70-1002010 - с заглушками, штифтами	462 500	усиленный 740.73-1002011, НЕТ			189 000	подбор б\у, стандарт Р0, проверена соосность, втулки новые, готов к установке													Блоки цилиндров		blok-cilindrov-dvigatelya-kamaz-evro-4-common-rail__740-70-1002011-10	/dvigatel_zapchasti/catalog/bloki/				/dvigatel_zapchasti/img/bloki/	740.70-1002011(10)_1.jpg					КамАЗ	двигатели: Евро-4 Common Rail: 740.622, 740.632, 740.662, 740.70, 740.73, 740.74							0.7	0.6	0.8	235	Применяется на технику после 2002 года выпуска (с некоторыми исключениями).	011 блок (голый), 010 блок - с комплектующими: заглушки, пробки, штифты, болты, втулки/ 
																																																					
9	Блок цилиндров Cummins 6ISBe, 6ISDe V=6.7	4946586 	4946586, 4955412, 4990451, 3973829, 4991099, 4932675, 3971950				293 430	<b>новый</b>																			Блоки цилиндров		blok-cilindrov-cummins-6isbe__4946586	/dvigatel_zapchasti/catalog/bloki/				/dvigatel_zapchasti/img/bloki/	Blok_tsilindrov_6ISBe__6ISDe__QSB6.7_DCEC.jpg	Blok_tsilindrov_6ISBe__6ISDe__QSB6.7_DCEC_2.jpg				Камаз, автобусы ПАЗ, КАвЗ, ЛИАЗ, НефАЗ, Волжанин, Мичуринский, Higer, AVIA и другую технику.	двигатели: 6Isbe210, 6Isbe285, 6Isbe300							0.56	0.7	1.05	206		4990451 / 4932675 / 4932528 / 4932333 / 4929972 / 3999925 / 4932332 / 4932525 / 4089502 / 4990447 / 4946585 / 4933931 / 4933928
11	Блок цилиндров Cummins 4ISBe	5274410	4955475, 4934322, 4931730				186 230	<b>новый</b>																			Блоки цилиндров		blok-cilindrov-cummins-4isbe__4955475	/dvigatel_zapchasti/catalog/bloki/				/dvigatel_zapchasti/img/bloki/	Blok_tsilindrov_4Isbe_1.jpg	Blok_tsilindrov_4Isbe_2.jpg				Камаз 4308, 43253, 43255, ПАЗ-320402-05	двигатели: Cummins 4Isbe185	Рядный, 4 цилиндра						0.56	0.6	0.962	105		4934322, 4955475, 4931730, 5270094, 5274410, 4321816, 4934319
12	Блок цилиндров Cummins L Series (QSL 9, ISLe)	5662122	4946152, 5293403, 5260557, 5293410, 5260558, 4928830, 4928831, 5662122				326 140	<b>новый</b>																			Блоки цилиндров		blok-cilindrov-cummins-l_6lta_l325_l340_l360_l375_5662122	/dvigatel_zapchasti/catalog/bloki/				/dvigatel_zapchasti/img/bloki/	blok_cummins_l_5260558_5662122.jpg	blok_cummins_l_5260558_5662122_1.jpg				КАМАЗ 65116, 65117, 43118 CUMMINS L325, L360, КАМАЗ 44108 L325/ISLe Евро 4	двигатели КАММИНЗ 6LTAA8.9, L325-20, L340-20, L360-20, L375-20, ISLe мощностью 310-375 л.с. и QSL9.	Рядный, 4 цилиндра						0.6	0.8	1.15	230		Cummins C L Series C5293409 С5293409 5293409 5260558 C5260558 5260557 4946152 5293403 5662122
																																																					
171	Блок управления КАМАЗ двигателем EDC7UC31 BOSCH 114	0 281 020 114	740.70-3724050, 45104111102090, MS6.10281020090, 0281020114				78 500	<b>новый, в наличии</b>	4 500	перепрошивка			8 500	отключение мочевины													ЭБУ		blok-upravleniya-kamaz-dvigatelem-edc7uc31-bosch-114-0281020114	/dvigatel_zapchasti/catalog/bloki-uprav/				/dvigatel_zapchasti/img/bloki-uprav/	0281020114-block-ebu-bosch-na-kamaz-evro-4-5-common-rail_1.png	0281020114-block-ebu-bosch-na-kamaz-evro-4-5-common-rail_2.png				КамАЗ	двигатели: Евро-4-5 Common Rail: 740.622, 740.632, 740.662, 740.70, 740.73, 740.74, 740.705, 740.735							0.2	0.07	0.25	2.1	ЭБУ двигателя 114 Bosch CR регулируют все основные процессы дизельных двигателей. Автомобиль оснащается датчиками, которые контролируют: частоту вращения коленчатого вала, давление наддува, температуру в системе охлаждения, расход воздуха, положение педали газа. 	5460-4071014 Установка электронных блоков управления
175	Блок управления электрооборудованием ЦБУЭ для Евро-5	21.3867000-01					23 000	новый, в наличии																			ЭБУ		blok-upravleniya-ehlektrooborudovaniem-cbueh-21-3867000-01-na-kamaz	/dvigatel_zapchasti/catalog/bloki-uprav/				/dvigatel_zapchasti/img/bloki-uprav/																		БЛОК УПРАВЛЕНИЯ ЭЛЕКТРООБОРУДОВАНИЕМ ЦЕНТРАЛЬНЫЙ 21.3867000-01 ДЛЯ ЕВРО-5, НПП ИТЭЛМА	21.38670000 - старого образца (не выпускаются), 21.3867000-01 - блоки нового образца
568	Блок управления двигателем М240 на КАМАЗ Евро-4, Евро-5 	8.9496-55.3763-01	М240				58 500	<b>новый, в наличии</b>	4 500	перепрошивка			8 500	отключение мочевины													ЭБУ		blok-upravleniya-dvigatelem-m240-na-kamaz-evro-4-5-8-9496-55-3763-01	/dvigatel_zapchasti/catalog/bloki-uprav/				/dvigatel_zapchasti/img/bloki-uprav/	blok-kamaz-m-240-evro-4-5_1.jpg	blok-kamaz-m-240-evro-4-5_2.jpg	blok-kamaz-m-240-evro-4-5_3.jpg			КАМАЗ 	КАМАЗ Евро-4. Евро-5,  ЯМЗ-6565, 6585, 53403											 553763-0, АБИТ 8.9496	
566	Блок управления двигателем КАМАЗ Евро-3 BOSCH MS6.1 090	0 281 020 090					63 500	<b>новый, в наличии</b>	4 500	перепрошивка																	ЭБУ		blok-upravleniya-dvigatelem-ms6-1-kamaz-evro-3-bosch-0-281-020-090	/dvigatel_zapchasti/catalog/bloki-uprav/				/dvigatel_zapchasti/img/bloki-uprav/																			
567	Блок управления газовый - М20.2-820.53-260	М20.2-820.53-260	АБИТ.457180.020-01				39 500	Немного б\у, в наличии с НДС																			ЭБУ		blok-upravleniya-m202-82053-260	/dvigatel_zapchasti/catalog/bloki-uprav/				/dvigatel_zapchasti/img/bloki-uprav/	М20_2-820_53-260_0.jpg	М20_2-820_53-260_2.jpg	М20_2-820_53-260_1.jpg	М20_2-820_53-260_5.jpg			Двигатели КАМАЗ - 820.52-260, 820.53-260							0.248	0.29	0.046	1.2		
179	Блок управления электрооборудованием Continental (А2С119071000)	1365.0005 CBCUЗ-ЕL	А2С119071000				-	новый, под заказ																			ЭБУ		blok-upravleniya-ehlektrooborudovaniem-continental-a2s119071000-1365-0005-cbcuz-el	/dvigatel_zapchasti/catalog/bloki-uprav/				/dvigatel_zapchasti/img/bloki-uprav/																			
173	Блок управления двигателем Cummins 6 ISBe	4988820					-	новый, под заказ																			ЭБУ		blok-upravleniya-dvigatelem-cummins-6-isbe-4988820	/dvigatel_zapchasti/catalog/bloki-uprav/				/dvigatel_zapchasti/img/bloki-uprav/																			
																																																					
13	Сборочный комплект двигателя КамАЗ 740 Евро-0	740-1000650					462 250	блок-ЯЗДА, коленвал-13 Р0, НЕТ в наличии	439 920	блок-ЯЗДА, коленвал-13 Р1, НЕТ в наличии													740.11-1000660	740.31-1000600			Сборочный комплект		sborochnyj-komplekt-dvigatelya-kamaz__740-740-1000650	/dvigatel_zapchasti/catalog/bloki/				/dvigatel_zapchasti/img/bloki/	740-1000650_1.jpg	740-1000650_2.jpg				КамАЗ-4310, 43101, 43114, 43118; Урал-4320; ЗИЛ-133; АГМС	двигатели: 740.10, 740.13							0.64	0.47	0.72	317	Комплект из оригинальных заводских деталей. Состав: блок цилиндров, коленчатый вал, распределительный вал, толкатели, вкладыши и форсунки охлаждения поршня.	
15	Сборочный комплект двигателя КамАЗ 740.11 Евро-1	740.11-1000660					524 350	блок-ЯЗДА, коленвал-13 Р0, НЕТ в наличии	502 020	блок-ЯЗДА, коленвал-13 Р1, НЕТ в наличии													740-1000650	740.31-1000600			Сборочный комплект		sborochnyj-komplekt-dvigatelya-kamaz__740-11-1000660	/dvigatel_zapchasti/catalog/bloki/				/dvigatel_zapchasti/img/bloki/	740.11-1000660_1.jpg		740.31-1000660_3.jpg	740.XX-1000660_4.jpg	740.XX-1000660_5.jpg		двигатели 740.11 Евро-2							0.64	0.47	0.72	317	Комплект из оригинальных заводских деталей. Состав: блок цилиндров, коленчатый вал, распределительный вал, толкатели, вкладыши и форсунки охлаждения поршня.	
17	Сборочный комплект двигателя КамАЗ 740.31 Евро-2	740.31-1000600					528 760	блок-ЯЗДА, коленвал-13, 740.31-1000600-08, НЕТ в наличии	506 260	блок-ЯЗДА, НЕТ в наличии, коленвал-13Р1, 740.31-1000600-08Р1			529 460	блок-БОШ, коленвал-13, 740.31-1000600-90	509 720	блок-БОШ, под заказ, коленвал-13 Р1, 740.31-1000600-90Р1							740.30-1000600	740.50-1000600	740.51-1000600		Сборочный комплект	евро2	sborochnyj-komplekt-dvigatelya-kamaz__740-31-1000600	/dvigatel_zapchasti/catalog/bloki/				/dvigatel_zapchasti/img/bloki/	740.31-1000600_1.jpg		740.31-1000660_3.jpg	740.XX-1000660_4.jpg	740.XX-1000660_5.jpg		двигатели 740.31 Евро-2							0.64	0.47	0.72	317	Комплект из оригинальных заводских деталей. Состав: блок цилиндров, коленчатый вал, распределительный вал, толкатели, вкладыши и форсунки охлаждения поршня.	
18	Сборочный комплект двигателя КамАЗ 740.30 Евро-2	740.30-1000600					646 900	блок-ЯЗДА, коленвал-30 Р0, 740.30-1000600-75, НЕТ в наличии	624 570	блок-ЯЗДА, под заказ, коленвал-30 Р1, 740.30-1000600-75Р1			645 200	блок-БОШ, коленвал-30, 740.30-1000600-90	625 430	блок-БОШ, коленвал-30, 740.30-1000600-90Р1							740.31-1000600	740.50-1000600	740.51-1000600		Сборочный комплект	евро2	sborochnyj-komplekt-dvigatelya-kamaz_evro-2_740-30-1000600	/dvigatel_zapchasti/catalog/bloki/				/dvigatel_zapchasti/img/bloki/	740.30-1000600_1.png	740.30-1000600_2.jpg	740.30-1000660_3.jpg	740.XX-1000660_4.jpg	740.XX-1000660_5.jpg		двигатели 740.30 Евро-2							0.64	0.47	0.72	317	Комплект из оригинальных заводских деталей. Состав: блок цилиндров, коленчатый вал, распределительный вал, толкатели, вкладыши и форсунки охлаждения поршня.	
19	Сборочный комплект двигателя КамАЗ 740.50 Евро-2	740.50-1000600					542 450	блок-ЯЗДА, коленвал-62 Р0, 740.50-1000600-36, НЕТ в наличии	520 120	блок-ЯЗДА, под заказ, коленвал-62 Р1, 740.50-1000600-36Р1			543 150	блок-БОШ, коленвал-62 Р0, 740.50-1000600-90	523 980	блок-БОШ, под заказ Р1, коленвал-62 Р1, 740.50-1000600-90Р1							740.30-1000600	740.31-1000600	740.51-1000600		Сборочный комплект	евро2	sborochnyj-komplekt-dvigatelya-kamaz__740-50-1000600	/dvigatel_zapchasti/catalog/bloki/				/dvigatel_zapchasti/img/bloki/	740.50-1000600_1.jpg	740.50-1000600_2.jpg	740.30-1000660_3.jpg	740.XX-1000660_4.jpg	740.XX-1000660_5.jpg	КамАЗ 6460, 5460, 6520	двигатели 740.50 Евро-2 ЯЗДА/Bosch							0.64	0.47	0.72	317	Комплект из оригинальных заводских деталей. Состав: блок цилиндров, коленчатый вал, распределительный вал, толкатели, вкладыши и форсунки охлаждения поршня.	
20	Сборочный комплект двигателя КамАЗ 740.51 Евро-3	740.51-1000600					542 450	блок-ЯЗДА, коленвал-62 Р0, 740.51-1000600-20, НЕТ в наличии	520 120	блок-ЯЗДА, под заказ, коленвал-62 Р1, 740.51-1000600-20Р1			543 200	блок-БОШ, коленвал-62 Р0, 740.51-1000600-28	519 850	блок-БОШ, под заказ, коленвал-62 Р1, 740.51-1000600-28Р1							740.50-1000600	740.30-1000600	740.31-1000600		Сборочный комплект	евро2	sborochnyj-komplekt-dvigatelya-kamaz__740-51-1000600	/dvigatel_zapchasti/catalog/bloki/				/dvigatel_zapchasti/img/bloki/	740.50-1000600_1.jpg	740.50-1000600_2.jpg	740.30-1000660_3.jpg	740.XX-1000660_4.jpg	740.XX-1000660_5.jpg	КамАЗ 6460, 5460, 6520	двигатели 740.51 Евро-2 ЯЗДА/Bosch							0.64	0.47	0.72	317	Комплект из оригинальных заводских деталей. Состав: блок цилиндров, коленчатый вал, распределительный вал, толкатели, вкладыши и форсунки охлаждения поршня.	
																																																					
61	Головка блока цилиндра КамАЗ	740-1003010-20		9154,5	8500		28 500	завод, новый, в наличии	8 950	ремонт, гарантия, НЕТ в наличии													740.30-1003010	740.90-1003010			Головки блока		golovka-bloka-cilindra-kamaz__740-1003010-20	/dvigatel_zapchasti/catalog/bloki/				/dvigatel_zapchasti/img/bloki/	740-1003010-20_1.jpg	740-1003010-20_2.jpg				Камаз-4310, 4326, 43114, 43118, 4326, ЗИЛ 133ГЯ								0.24	0.2	0.16	8.04		
54	Головка блока цилиндров КАМАЗ Евро-1,2 в сборе	740.30-1003010	740.30-1003014	9680	8900		34 750	завод, новый, в наличии	16 660	ремонт, гарантия, НЕТ в наличии													740.21-1002012	740.21-1002012	740.13-1005008	740.13-1000128	Головки блока		golovka-bloka-cilindrov-kamaz-evro-1-2-3-v-sbore__740-30-1003010	/dvigatel_zapchasti/catalog/bloki/				/dvigatel_zapchasti/img/bloki/	740.30-1003010_1.jpg		740.30-1003010_3.jpg			КамАЗ-6520, -43501, -43261, -43253, -6460, -65115, -53229, -65201								0.24	0.2	0.16	7.9		
67	Головка блока цилиндров КАМАЗ Евро-3,4,5 (Common rail) в сборе	740.90-1003010	740.90-1003014	18959,508	17604		74 500	завод, новый,  в наличии  5шт.	35 480	ремонт, НЕТ в наличии													740.30-1003010	740-1003010-20			Головки блока		golovka-bloka-cilindrov-kamaz-evro-3-v-sbore__740-90-1003010	/dvigatel_zapchasti/catalog/bloki/				/dvigatel_zapchasti/img/bloki/	740.90-1003010_1.jpg	740.90-1003010_2.jpg				Шасси КамАЗ-5297, КамАЗ-65115, 65116 (Евро-4)	газовые двигатели: 820.52, 820.63, 820.60							0.24	0.2	0.16	8.07		
70	Головка блока 236 (стар/обр.в сборе)	236-1003013-Е2																									Головки блока		golovka-bloka-236-star-obr-v-sbore__236-1003013-e2	/dvigatel_zapchasti/catalog/bloki/				/dvigatel_zapchasti/img/bloki/	236-1003013_1.jpg																		
																																																					
81	Головка блока цилиндра Cummins 4ISBe	5363645					134 500	<b>новый, в наличии</b>																																													
83	Головка блока цилиндра Cummins 6ISBe	5361593					138 900	<b>новый, в наличии</b>																																													
85	Головка блока цилиндра Cummins L	5529506					239 500	<b>новый, в наличии</b>																																													
87	Головка блока цилиндра Cummins ISLe	5529502					245 600	<b>новый, в наличии</b>																																													
																																																					
101	Вал коленчатый 740 Евро-0, старого образца, двиг. 740.10, 7403	740-1005008					-	стандарт P0, под заказ	163 270	замена на <a href='/dvigatel_zapchasti/catalog/kolenvaly/kolenval-kamaz-740.13-2x-evro-0-novogo-obraztsa-dvig.-740-7403-740.9__740.13-1005008-20.html'>нов.образца - <b>новый, стандарт P0</b>, 740.13-1005008-20 новый</a>			93 000	б\у Р0, подберем проверенный, расточенный							-		740.13-1005008-20	740.13-1005008	740-1000650	740.21-1002012-20	Валы коленчатые	Завод	kolenval-kamaz-740-evro-0-dvig-740-10-7403__740-1005008	/dvigatel_zapchasti/catalog/kolenvaly/				/dvigatel_zapchasti/img/kolenvaly/	740.1005008_1.jpg	740.1005008_2.jpg	740.XX-1005008_1.jpg	kolenvaly-upakovka2.png	kolenvaly-sklad.jpg	КамАЗ-4310, -5320, -5410. Урал 4320, Лиаз	двигатели: 740.10, 7403, 7408							0.25	0.25	0.8	76	Коленвал 740 применяется на технику до 1998 года выпуска. 	
105	Вал коленчатый 740.13-2x Евро-0, нового образца, двиг. 740, 7403, 740.9	740.13-1005008-20	142				163 270	<b>новый, стандарт P0</b>, 740.13-1005008-20					93 000	б\у Р0, подберем проверенный, расточенный		б\у Р0,25/0.25 межремонтый	98 000	кор. Р0, шат. Р1 / 740.13-1005008-22, под заказ	96 000	кор. Р1, шат. Р0 / 740.13-1005008-23, под заказ	-		740-1005008	740-1000650			Валы коленчатые	Завод	kolenval-kamaz-740.13-2x-evro-0-novogo-obraztsa-dvig.-740-7403-740.9__740.13-1005008-20	/dvigatel_zapchasti/catalog/kolenvaly/				/dvigatel_zapchasti/img/kolenvaly/	740.13-1005008-20_1.jpg		740.XX-1005008_1.jpg	kolenvaly-upakovka.png	kolenvaly-sklad.jpg	КамАЗ-4310, -5320, -5410. Урал 4320, Лиаз	двигатели: 740.10, 7403, 7408							0.25	0.25	0.8	76	Коленвал 740 применяется на технику до 1998 года выпуска. 	
109	Вал коленчатый 740.13 Евро-1, двиг. 740.11, 740.13	740.13-1005008					162 270	<b>новый, стандарт P0</b>, 740.13-1005008					93 000	б\у Р0, подберем проверенный, расточенный		б\у Р0,25/0.25 межремонтый	98 000	кор. Р0, шат. Р1 / 740.13-1005008-02, под заказ	96 000	кор. Р1, шат. Р0 / 740.13-1005008-03	-		740.21-1002012	740.30-1003010	337.1111005-40	740.13-1000128	Валы коленчатые	Завод	kolenval-kamaz-740.13-evro-1-dvig.-740.11-740.13__740.13-1005008	/dvigatel_zapchasti/catalog/kolenvaly/				/dvigatel_zapchasti/img/kolenvaly/	740.13-1005008_1.jpg		740.XX-1005008_1.jpg	kolenvaly-upakovka2.png	kolenvaly-sklad.jpg	КамАЗ-5320, -5410, -5511, -53212 и другие	двигатели Евро-1: 740.11-240 и 740.13-260					Зубьев шестерни привода масляного насоса	64	0.25	0.25	0.8	76	Поставляется в сборе с шестерней на 64 зуба и противовесами, без вкладышей.  Коленвал Евро-1 применяется на технику КамАЗ до 2004 года выпуска.	
113	Вал коленчатый 740.13-1x Евро-2, двиг. 740.31 с КПП 142	740.13-1005008-10					161 270	<b>новый, стандарт P0</b>, 740.13-1005008-10					93 000	б\у Р0, подберем проверенный, расточенный		б\у Р0,25/0.25 межремонтый	98 000	кор. Р0, шат. Р1 / 740.13-1005008-12, под заказ	96 000	кор. Р1, шат. Р0 / 740.13-1005008-13, под заказ	-						Валы коленчатые	Завод	kolenval-kamaz-740-13-1x-evro-2-dvig-740-31-s-kpp-142__740-13-1005008-10	/dvigatel_zapchasti/catalog/kolenvaly/				/dvigatel_zapchasti/img/kolenvaly/	740.13-1005008-10_1.jpg		740.XX-1005008_1.jpg	kolenvaly-upakovka.png	kolenvaly-sklad.jpg	КамАЗ-5320, -5410, -5511, -53212 и другие	двигатели: 740.31-240 в комплекте с 142 КПП, 14 сцеплением							0.25	0.25	0.8	76	Отличается противовесом, ввёртышем и шестерней привода масляного насоса. 	
117	Вал коленчатый 740.30 Евро-2, двиг.740.30 с КПП ZF	740.30-1005008		122	118,67	178915	162 650	<b>новый, под заказ, стандарт P0, демонтаж с нового сборочного</b>, 740.30-1005008	152 000	P0, автобусный, 740.30-1005008-10, под заказ			93 000	б\у Р0, подберем проверенный, расточенный		б\у Р0,25/0.25 межремонтый	98 000	кор. Р0, шат. Р1 / 740.30-1005008-02, под заказ	96 000	кор. Р1, шат. Р0 / 740.30-1005008-03, под заказ	-						Валы коленчатые	Завод	kolenval-kamaz-740.30-evro-2-dvig.740.30-740.31-s-kpp-zf__740.30-1005008	/dvigatel_zapchasti/catalog/kolenvaly/				/dvigatel_zapchasti/img/kolenvaly/	740.30-1005008_3.png	740.30-1005008_1.jpg	740.30-1005008_2.jpg	kolenvaly-upakovka2.png	kolenvaly-sklad.jpg	КамАЗ-43118	двигатели: 740.30							0.25	0.25	0.8	76	Коленвал применяется на технику КамАЗ до 2008 года выпуска.	
121	Вал коленчатый 740.50,-51,-55 Евро-2, двиг. 740.50, 740.51, 740.35, 740.37	740.55(50)-1005008	740.55-1005008	123,3	140, 67		165 700	<b>новый в наличии, P0</b>, 740.55-1005008, ТВЧ	-	740.50-1005008 азотиров. замена на 740.55	127 000	Турция, закалка азот., под заказ	93 000	б\у Р0, подберем проверенный, расточенный		б\у Р0,25/0.25 межремонтый		кор. Р0, шат. Р1 / 740.50-1005008-02, под заказ		кор. Р1, шат. Р0 / 740.50-1005008-03, под заказ	-						Валы коленчатые	Завод	kolenval-kamaz-740.50-51-55-evro-2-dvig.-740.50-51-35-37__740.50-1005008	/dvigatel_zapchasti/catalog/kolenvaly/				/dvigatel_zapchasti/img/kolenvaly/	740.50-1005008_1.jpg	740.50-1005008_2.jpg	740.XX-1005008_1.jpg	kolenvaly-upakovka.png	kolenvaly-sklad.jpg	КамАЗ-6520, -65111 (до 2009)	двигатели: 740.50-360, 740.51-320							0.25	0.25	0.8	76	Заменен на 740.55-1005008. Коленвал Евро-2 740.50/51 применяется на технику КамАЗ до 2009 года выпуска.  	с ходом поршня 130 мм
125	Вал коленчатый 740.62 Евро-3, двиг.740.60-64	740.62-1005008		158		163047,6	175 320	<b>новый, стандарт P0</b>, 740.62-1005008, в наличии					98 600	б\у Р0, подберем проверенный		б\у Р0,25/0.25 межремонтый	95 600	новый, кор. Р0, шат. Р1 / 740.62-1005008-02, под заказ	93 300	новый, кор. Р1, шат. Р0 / 740.62-1005008-03, в наличии	-		740.63-1005008				Валы коленчатые	Завод	kolenval-kamaz-740.62-evro-3-dvig.740.60-64-51__740.62-1005008	/dvigatel_zapchasti/catalog/kolenvaly/				/dvigatel_zapchasti/img/kolenvaly/	740.62-1005008_1.jpg	740.62-1005008_2.jpg	740.XX-1005008_1.jpg	kolenvaly-upakovka2.png	kolenvaly-sklad.jpg	КамАЗ-6520, -6460, -65116 (до 2012)	двигатели: Евро-3: 740.60-360, 740.61-320, 740.62-280, 740.63-400							0.25	0.25	0.8	76	Коленвал Евро-3 740.62 применяется на технику КамАЗ до 2012 года выпуска.	
129	Вал коленчатый 740.63 Евро-3, азотированный, двиг.740.62, 740.60, 740.61, 740.63, 740.37	740.63-1005008					189 000	<b>новый, стандарт P0</b>, 740.63-1005008, под заказ										кор. Р0, шат. Р1 / 740.63-1005008-02	93 300	кор. Р1, шат. Р0 / 740.63-1005008-03	-						Валы коленчатые	Завод	kolenval-kamaz-740.63-evro-3-azotirovannyj-dvig.740.62-60-61-63__740.63-1005008	/dvigatel_zapchasti/catalog/kolenvaly/				/dvigatel_zapchasti/img/kolenvaly/	740.63-1005008_1.jpg	740.63-1005008_2.jpg	740.XX-1005008_1.jpg	kolenvaly-upakovka.png	kolenvaly-sklad.jpg	КамАЗ-6460, 6520, 6522 и другие	двигатели 740.62-280, 740.60-320, 740.61-320, 740.63-400, 740.37-400							0.25	0.25	0.8	76	Заменен на 740.71-1005008	
1311	Вал коленчатый 740.65 Евро-3, азотированный, двиг.740.65	740.65-1005008					под заказ	<b>новый, стандарт P0</b>, 740.65-1005008, под заказ										кор. Р0, шат. Р1 / 740.63-1005008-02	93 300	кор. Р1, шат. Р0 / 740.63-1005008-03							Валы коленчатые	Завод	kolenval-kamaz-740.65-evro-3-azotirovannyj-dvig.740.65__740.65-1005008	/dvigatel_zapchasti/catalog/kolenvaly/				/dvigatel_zapchasti/img/kolenvaly/	740.63-1005008_1.jpg	740.63-1005008_2.jpg	740.XX-1005008_1.jpg	kolenvaly-upakovka2.png	kolenvaly-sklad.jpg	КамАЗ-6460, 6520, 6522 и другие	двигатели 740.65							0.25	0.25	0.8	76	ЗАКАЛКА ТВЧ, Коленвал Евро-3 740.65 для редкой модели двигателя, под 142 сцепление	
133	Вал коленчатый 740.70 Евро-3, ГОЛЫЙ, двиг. до 320 л.с	740.70-1005020					208 000	<b>новый, стандарт P0</b> , в сборе артикул - 740.71-1005008		<a href='/dvigatel_zapchasti/catalog/kolenvaly/kolenval-kamaz-740.70-evro-3-golyj-dvig.-do-320-l.s__740.70-1005020.html'>Евро-2 замена на 740.55</a>	189 000	<a href='/dvigatel_zapchasti/catalog/kolenvaly/kolenval-kamaz-740.62-evro-3-dvig.740.60-64-51__740.62-1005008.html'>Евро-3 - замена на 740.62</a>	212 550	<a href='/dvigatel_zapchasti/catalog/kolenvaly/kolenval-kamaz-820.70-evro-4-dvig.-820.60-820.61-740.6xx-s-common-rail.html'>Евро-4-5 Коммон-рейл - замена на 820.70</a>				кор. Р0, шат. Р1 / 740.70-1005020-02	93 300	кор. Р1, шат. Р0 / 740.70-1005020-03	-						Валы коленчатые	Завод	kolenval-kamaz-740.70-evro-3-golyj-dvig.-do-320-l.s__740.70-1005020	/dvigatel_zapchasti/catalog/kolenvaly/				/dvigatel_zapchasti/img/kolenvaly/	740.70-1005020_1.jpg	740.70-1005020_2.jpg	740.XX-1005008_1.jpg	kolenvaly-upakovka.png	kolenvaly-sklad.jpg	КамАЗ-6460, 6520, 6522 и другие	двигатели до 320 л.с							0.25	0.25	0.8	76	ЗАКАЛКА ТВЧ, Коленвал Евро-3 740.65 для редкой модели двигателя, под 142 сцепление	
137	Вал коленчатый 740.71 Евро-4, азотированный, двиг. 740.70, 740.71, 740.73-75, 740.632	740.71-1005008					208 000	<b>новый, стандарт P0</b>  под заказ	-	Стандарт, 740.71-1005020		Турция						кор. Р0, шат. Р1 / 740.71-1005008-02	93 300	кор. Р1, шат. Р0 / 740.71-1005008-03	-		740.62-1005008	740.63-1005008			Валы коленчатые	Завод	kolenval-kamaz-740.71-evro-4-dvig-740.70-71-73-75__740.71-1005008	/dvigatel_zapchasti/catalog/kolenvaly/				/dvigatel_zapchasti/img/kolenvaly/	740.71-1005008_1.jpg	740.71-1005008_2.jpg	740.XX-1005008_1.jpg	kolenvaly-upakovka2.png	kolenvaly-sklad.jpg	КамАЗ-6460, 6520, 6522 и другие	двигатели: 740.70, 740.71, 740.73, 740.74, 740.75, 740.632-400 л/с,	Крепление маховика	10 отв. М16	Кривошип	65 мм			0.25	0.25	0.8	76	Азотированный + ТВЧ, подходит (взаимозаменяем) для всей линейки моторов Ееро-4 > 360 л	Вал 740.71-1005008  состоит из вала 740.70-1005020 плюс противовесы, шестерни.  
141	Вал коленчатый 820.70 Евро-4, двиг. 820.60, 820.61, 740.6xx с Common Rail	820.70-1005008		172		197671,5	212 550	<b>новый, стандарт P0</b>, стандарт P0, 820.70-1005008					98 600	б\у Р0, подберем проверенный, расточенный		б\у Р0,25/0.25 межремонтый		кор. Р0, шат. Р1 / 820.70-1005008-02		кор. Р1, шат. Р0 / 820.70-1005008-03	-		740.62-1005008	740.63-1005008			Валы коленчатые	Завод	kolenval-kamaz-820.70-evro-4-dvig.-820.60-820.61-740.6xx-s-common-rail	/dvigatel_zapchasti/catalog/kolenvaly/				/dvigatel_zapchasti/img/kolenvaly/	820.70-1005008_1.jpg	820.70-1005008_2.jpg	740.XX-1005008_1.jpg	kolenvaly-upakovka.png	kolenvaly-sklad.jpg	КамАЗ-5297	двиг. 820.60, 820.61, 740.622, 740.652, 740.662, 740.602 с Common Rail мощностью до 360 л.с., с датчиком положения коленвала 							0.25	0.25	0.8	76	ЗАКАЛКА ТВЧ	
145	Вал коленчатый мерседес OM457 Euro 4,5 	A457.030.0401					под заказ	новый, MB, под заказ																			Валы коленчатые	Импорт	val-kolenchatyj-mersedes-om457-euro-4-na-kamaz__a457.030.0401	/dvigatel_zapchasti/catalog/kolenvaly/				/dvigatel_zapchasti/img/kolenvaly/	A457.030.0401_1.jpg					КамАЗ-5490, КамАЗ-65207-01-S5, Кировец К-744Р3, MB Truck Axor 2002-2004	двигатели: Daimler OML475					диаметр шатунной шейки	94мм	0.31	0.37	1.15	121	Коленвал MB OM457 HLA/LA Euro 4/5 интегрированные противовесы	
147	Вал коленчатый Cummins 4ISBE, 4ISDE, QSB V=4.5, B Series	C5370755	3968176, 3968177, 3974539, 3974634, 5289840, 5289839, 5370755				91 250	<b>новый</b>		ремонтный, под заказ													4934862, 4934861				Валы коленчатые	Импорт	kolenval-cummins-4isbe-4isde-v4.5-na-kamaz__3968177	/dvigatel_zapchasti/catalog/kolenvaly/				/dvigatel_zapchasti/img/kolenvaly/cummins/	3968176_1.jpg	cummins_4isbe_4isde_5370755_1.jpg	cummins_4isbe_4isde_5370755_2.jpg			КамАЗ, ПАЗ	двигатели: Cummins 4ISBE, 4ISDE V=4.5	Диаметр шатунной шейки коленчатого вала	68.962/69.013 мм	Диаметр коренной шейки коленчатого вала	82.962/83.013 мм			0.25	0.25	0.8	50		
149	Вал коленчатый Cummins 6ISBe	4934862, 4934861						под заказ		ремонтный, под заказ													C5370755				Валы коленчатые	Импорт	kolenval-cummins-6isbe-na-kamaz__4934862-4934861	/dvigatel_zapchasti/catalog/kolenvaly/				/dvigatel_zapchasti/img/kolenvaly/	4934862_1.jpg	4934862_2.jpg				КамАЗ, ПАЗ	двигатели: Cummins 6ISBe							0.25	0.25	0.8	50		
152	Вал коленчатый Cummins 6ISBe	C3965012	3965010/3965009/3965011/3965012 																																																		
																																																					
301	Вкладыши шатунные (ДЗВ)	7405.1000104					нет	Р0	нет	Р01	нет	Р06-P07	нет	Р02	нет	Р3	нет	Р4	нет	Р5							Запчасти двигателя		vkladyshi-shatunnye-dzv__7405-1000104	/dvigatel_zapchasti/catalog/cpg/				/dvigatel_zapchasti/img/cpg/	7405.1000104_1.jpg	7405.1000104_2.jpg					двигатели КамАЗ 740												
303	Вкладыши коренные (ДЗВ)	7405.1000102					нет	Р0	нет	Р01	нет	Р06-P07	нет	Р02	нет	Р3	нет	Р4	нет	Р5							Запчасти двигателя		vkladyshi-korennye-dzv__7405-1000102	/dvigatel_zapchasti/catalog/cpg/				/dvigatel_zapchasti/img/cpg/	7405.1000102_1.jpg						двигатели КамАЗ 740												
305	Кольца поршневые КамАЗ Евро-0, черно-белые, двиг.740, 7403	740-1000106-01					нет	Федерал могул, комплект																			Поршневая группа		kolca-porshnevye-kamaz-evro-0-cherno-belye-dvig-7403__740-1000106-01	/dvigatel_zapchasti/catalog/cpg/				/dvigatel_zapchasti/img/cpg/	740-1000106-01_1.jpg					КамАЗ, Урал, ЗИЛ, МАЗ, ЛАЗ, ПАЗ	двигатели 740.10 ,740.20 ,7403.10							0.14	0.14	0.14	0.9		
307	Кольца поршневые КамАЗ Евро-1, черно-белые	740.13-1000106					нет	Федерал могул, комплект															740.13-1000128	740.13-1005008			Поршневая группа		kolca-porshnevye-kamaz-evro-1-cherno-belye__740-13-1000106	/dvigatel_zapchasti/catalog/cpg/				/dvigatel_zapchasti/img/cpg/	740.13-1000106_1.jpg					КамАЗ, Урал, ЗИЛ, МАЗ, ЛАЗ, ПАЗ	двигатели 740.11 ,740.13 ,740.30 ,740.31 ,740.51-740.55 ,740.60-740.65	Ширина маслосъёмного кольца	4мм	Диаметр	120мм			0.14	0.14	0.14	0.9		
309	Кольца поршневые КамАЗ Евро-2, черно-белые	740.30-1000106					нет	Федерал могул, комплект																			Поршневая группа		kolca-porshnevye-kamaz-evro-2-cherno-belye__740-30-1000106	/dvigatel_zapchasti/catalog/cpg/				/dvigatel_zapchasti/img/cpg/	740.30-1000106_1.jpg					КамАЗ, Урал, ЗИЛ, МАЗ, ЛАЗ, ПАЗ	двигатели 740.30-260, 740.31-260 Евро II, 740.51-320, 740.50-360, 740.35-400												
311	Кольца поршневые КамАЗ Евро-3, двиг.740.60-740.63	740.60-1000106-02					31 680	Федерал могул, комплект, черно-белые	12 600	КМЗ, черно-белые																	Поршневая группа		kolca-porshnevye-kamaz-evro-3-dvig-740-60-61-62-63__740-60-1000106-02	/dvigatel_zapchasti/catalog/cpg/				/dvigatel_zapchasti/img/cpg/	740.60-1000106-02_1.jpg					КамАЗ, Урал, ЗИЛ, МАЗ, ЛАЗ, ПАЗ	двигатели 740.60-360, 740.61-320, 740.62-280, 740.63-400, 740.64-420	Ширина маслосъёмного кольца	3мм										
																																																					
315	Комплект поршневой группы ЦПГ Евро-0	740.1000128				3450	5 450	Федерал Могул, нет в наличии	4 760	КМЗ, нет в наличии													740-1000106-01	7405.1000104	740.1004045		Поршневая группа		komplekt-porshnevoj-gruppy-cpg-evro-0-740-1000128	/dvigatel_zapchasti/catalog/cpg/				/dvigatel_zapchasti/img/cpg/	740.1000128_1.jpg						двигатели 740.10, 740.20, 7403.10											ЦПГ КамАЗ (Federal Mogul). В комплекте:Гильза, палец, поршень, кольца.	
317	Комплект поршневой группы ЦПГ Евро-1	740.13-1000128					9 200	Федерал Могул, нет в наличии															740.13-1000106	7405.1000104			Поршневая группа		komplekt-porshnevoj-gruppy-cpg-evro-1-740-13-1000128	/dvigatel_zapchasti/catalog/cpg/				/dvigatel_zapchasti/img/cpg/	740.13-1000128_1.jpg						двигатели 740.11-240, 740.14-300, 740.13-260											ЦПГ производства «Мотордеталь» (Кострома). В комплекте: гильза, палец, поршень, кольца.	
319	Комплект поршневой группы ЦПГ Евро-2	740.30-1000128			8300		9 265	Федерал Могул, нет в наличии															740.30-1000106	7405.1000104			Поршневая группа		komplekt-porshnevoj-gruppy-cpg-evro-2-740-30-1000128	/dvigatel_zapchasti/catalog/cpg/				/dvigatel_zapchasti/img/cpg/	740.30-1000128_1.jpg						двигатели 740.30-260, 740.31-260 Евро II, 740.51-320, 740.50-360, 740.35-400												
321	Комплект поршневой группы ЦПГ Евро-3-4	740.60-1000128			8700		9 865	10 группа, Федерал Могул, 740.60-1000128-05/07, нет в наличии	9 865	40 группа, Федерал Могул, 740.60-1000128-04/08, нет в наличии													740.60-1000106-02	7405.1000104			Поршневая группа		komplekt-porshnevoj-gruppy-cpg-evro-3-evro-3-740-60-1000128	/dvigatel_zapchasti/catalog/cpg/				/dvigatel_zapchasti/img/cpg/	740.60-1000128_1.jpg	740.60-1000128_2.jpg					двигатели 740.60-360, 740.61-320, 740.62-280, 740.63-400, 740.64-420												
323	Комплект поршневой группы ЦПГ Евро-4	740.602-1000128-01			10450		11 750	Федерал Могул, нет в наличии																			Поршневая группа		komplekt-porshnevoj-gruppy-cpg-evro-4-740-602-1000128-01	/dvigatel_zapchasti/catalog/cpg/				/dvigatel_zapchasti/img/cpg/	740.602-1000128-01_1.jpg						двигатели 740.622, 740.662, 740.73, 740.74 С COMMON RAIL											Гильза с подрезанным поршнем (10ГР) ЕВРО-4, 5	
325	Комплект поршневой группы ЦПГ Евро-5	820.60-1000128-02					под заказ	Федерал Могул, нет в наличии																			Поршневая группа		komplekt-porshnevoj-gruppy-cpg-evro-5-820-60-1000128-02	/dvigatel_zapchasti/catalog/cpg/				/dvigatel_zapchasti/img/cpg/	820.60-1000128-02_1.jpg						двигатели 820.60, 820.61, 820.72, 820.73 газовые											Гильза с подрезанным поршнем 	
																																																					
509	Шатун КамАЗ	740.1004045			7413		17 962	740-1004045, под заказ															6ISBe-4898808	7405.1000104	740.13-1005008	7405.1000102	Поршневая группа		shatun-kamaz_740-1004045	/dvigatel_zapchasti/catalog/cpg/				/dvigatel_zapchasti/img/cpg/	740.1004045_1.jpg	740.1004045_2.jpg				КамАЗ 55111, 6520, 5320, 5511, 4310, 53215 и другие	740 евро											Подходит на большинство моделей двигателей КамАЗ	
511	Шатун Cummins 4ISBe, 6ISBe, 6ISDe	6ISBe-4898808					5 810	новый															740.1004045	4891252	C5370755	4934862, 4934861	Поршневая группа		shatun-cummins-4isbe-6isbe-6isde-6isbe_4898808	/dvigatel_zapchasti/catalog/cpg/				/dvigatel_zapchasti/img/cpg/	6ISBe-4898808_1.jpg	6ISBe-4898808_2.jpg																	
																																																					
339	Насос водяной КамАЗ Евро-0	740-1307010-02			8006		10 660	завод, новый, под заказ																			Насос водяной		nasos-vodyanoj-kamaz-evro-0-740-1307010-02	/dvigatel_zapchasti/catalog/				/dvigatel_zapchasti/img/	740-1307010-02_1.jpg	740-1307010-02_2.jpg					двигатели 740.10, 740.20, 7403.10											Помпа для перекачки жидкостей различных типов.	
341	Насос водяной КамАЗ Евро-1	740.13-1307010		11156			13 580	завод, новый																			Насос водяной		nasos-vodyanoj-kamaz-evro-1-740-13-1307010	/dvigatel_zapchasti/catalog/				/dvigatel_zapchasti/img/	740.13-1307010_1.jpg	740.13-1307010_2.jpg				КамАЗ-6540, -53228, -65111, -43261, 740.13-260 (Евро-1)	двигатели 740.11-240, 740.14-300, 740.13-260												
343	Насос водяной КамАЗ Евро-2	740.50-1307010		6500			8 550	завод, новый																			Насос водяной		nasos-vodyanoj-kamaz-evro-2-740-50-1307010	/dvigatel_zapchasti/catalog/				/dvigatel_zapchasti/img/	740.50-1307010_1.jpg	740.50-1307010_2.jpg				КамАЗ-6520, 6522, 43261	двигатели 740.30-260, 740.31-260 Евро II, 740.51-320, 740.50-360, 740.35-400												
345	Насос водяной КамАЗ Евро-3	740.63-1307010					11 960	завод, новый	3 420	завод, серия эконом																	Насос водяной		nasos-vodyanoj-kamaz-evro-3-740-63-1307010	/dvigatel_zapchasti/catalog/				/dvigatel_zapchasti/img/	740.63-1307010_1.jpg						двигатели 740.60-360, 740.61-320, 740.62-280, 740.63-400											со шкивом	
347	Насос водяной на CUMMINS ISBe, ISDe	4891252					5 850	LUZAR, новый																			Насос водяной		nasos-vodyanoj-na-cummins-isbe-isde-4891252	/dvigatel_zapchasti/catalog/				/dvigatel_zapchasti/img/	4891252_1.jpg	4891252_2.jpg					двигатель серии ISBe (ISDe) 185-300 (евро 2, евро 3)												
																																																					
351	Насос масляный КамАЗ 	740-1011014-30					13 900	завод, новый, под заказ															740.11-1011014-02	740.21-1011014-02			Насос масляный		nasos-maslyanyj-kamaz-740-1011014-30	/dvigatel_zapchasti/catalog/				/dvigatel_zapchasti/img/	740-1011014-30_1.jpg					КамАЗ 4310, 43114, 43118	двигатели: 740.10, 7403.10 евро 740.13											Насосы отличаются для каждой модели двигателя в системе охлаждения.	
353	Насос масляный КамАЗ Евро	740.11-1011014-02					12 160	завод, новый, без шестерни, под заказ															740.21-1011014-02	740-1011014-30			Насос масляный		nasos-maslyanyj-kamaz-evro-740-11-1011014-02	/dvigatel_zapchasti/catalog/				/dvigatel_zapchasti/img/	740.11-1011014-02_1.jpg	740.11-1011014-02_2.jpg																	
355	Насос масляный КамАЗ Евро-3	740.21-1011014-02					13 500	завод, новый, без шестерни, под заказ															740-1011014-30	740.11-1011014-02			Насос масляный		nasos-maslyanyj-kamaz-evro-3-740-21-1011014-02	/dvigatel_zapchasti/catalog/				/dvigatel_zapchasti/img/	740.21-1011014-02_1.jpg																		
																																																					
401	Турбокомпрессор КамАЗ Евро-1 ТКР-7Н1 левый/правый	7403-1118010/08			7500		23 200	новый, под заказ	9 750	восстановленный, гарантия 6 мес.													334.1111005				Турбокомпрессоры		turbokompressor-kamaz-evro-1-tkr-7n1-levyj_7403-1118010	/dvigatel_zapchasti/catalog/turbik/		7403-1118008, 7403-1118010		/dvigatel_zapchasti/img/turbik/	7403-1118010_1.jpg	7403-1118010_2.jpg				КамАЗ 53212, 54112	двигатели Евро-1 КамАЗ 740.11 (240 л.с.) и КамАЗ 740.13 (260.л.с.), КамАЗ 7403.010							0.25	0.22	0.26	9,7	одноступенчатый, без промежуточного охлаждения. Служит для повышения мощности двигателя. 	
405	Турбокомпрессор КамАЗ Евро-1 (Чехия)	К-27-115-01/02			10500	33600	34 200	новый, оригинал (куплен на заводе), в наличии 2 пары	13 500	восстановленный, гарантия 6 мес.													7403-1118010/08				Турбокомпрессоры		turbokompressor-kamaz-evro-1-chekhiya_k-27-115-01-02	/dvigatel_zapchasti/catalog/turbik/				/dvigatel_zapchasti/img/turbik/	k-27-115-01_02_1.jpg	k-27-115-01_02_2.jpg												0.25	0.22	0.26	9,7	К27-115 имеет конструкцию, аналогичную ТКР 7С-9, и по установочным и присоединительным размерам он унифицирован с ТКР 7С-9.	
407	Турбокомпрессор КамАЗ Евро-2 (Чехия)	К-27-145-01/02			10500		42 700	новый, оригинал, под заказ	13 700	восстановленный, гарантия 6 мес.																	Турбокомпрессоры		turbokompressor-kamaz-evro-2-chekhiya_k-27-145-01-02	/dvigatel_zapchasti/catalog/turbik/				/dvigatel_zapchasti/img/turbik/	k-27-115-01_02_3.jpg	k-27-115-01_02_2.jpg					двигатели 740.11-240, 740.30-260, 740.31-240, 740.50, 740.51, 740.60-360, 740.61-320, 740.62-280, 740.63-400, 43261							0.25	0.22	0.26	9,7		
409	Турбокомпрессор Schwitzer на КамАЗ Евро-1 / Borg Warner	S2B-317809/10					36 582	новый, под заказ, под заказ	18 500	восстановленный, гарантия 6 мес.													К-27-115-01/02				Турбокомпрессоры		turbokompressor-schwitzer-na-kamaz-evro-1_s2b-317809-10	/dvigatel_zapchasti/catalog/turbik/				/dvigatel_zapchasti/img/turbik/	S2B-317809_10_1.jpg	S2B-317809_10_2.jpg					двигатели Евро-1: 740.11-240 и 740.13-260							0.25	0.22	0.26	9,7	Borg Warner. Аналог отечественной турбины ТКР 7С-9.  	
411	Турбокомпрессор Schwitzer на КамАЗ Евро-2 / Borg Warner	S2B-314448/50			10500		52 874	новый, под заказ, под заказ	16 000	восстановленный, гарантия 6 мес.													7406-1118012 (13)				Турбокомпрессоры		turbokompressor-schwitzer-na-kamaz-evro-2__s2b-314448-50	/dvigatel_zapchasti/catalog/turbik/		S2B-314450		/dvigatel_zapchasti/img/turbik/	S2B-314448_50_1.jpg	S2B-314448_50_2.jpg					двигатели 740.11-240, 740.30-260, 740.31-240, 740.50, 740.51, 740.60-360, 740.61-320, 740.62-280, 740.63-400, 43261							0.25	0.22	0.26	9,7	 Borg Warner 	
413	Турбокомпрессор Schwitzer на КамАЗ Евро-3 / Borg Warner	S2B-12749700003/04			12000		52 874	новый, под заказ, под заказ	16 800	восстановленный, гарантия 6 мес.																	Турбокомпрессоры		turbokompressor-schwitzer-na-kamaz-evro-3__s2b-12749700003-04	/dvigatel_zapchasti/catalog/turbik/		S2B-12749700003, S2B-12749700004		/dvigatel_zapchasti/img/turbik/	S2B-12749700003_04_1.jpg	S2B-12749700003_04_2.jpg												0.25	0.22	0.26	9,7	 Borg Warner 	
414	Турбокомпрессор S300G Schwitzer на КамАЗ Евро-4 / Borg Warner	13809700027/3785076					98 700	новый, под заказ, под заказ																																	на Камаз, 13809880027 / 13809700027 (OEM 13809980027), 11.8л 740.622 Common Rail Евро4, 280 л.с.							0.25	0.22	0.26	9,7	замена 3787729 Нolset HE400WG ID21 3785076, 3787729 (АНАЛОГ 13809700027 S300G)	
415	Турбокомпрессор КамАЗ Евро-2 ТКР 7С-6 левый / правый	7406-1118012 (13)			9500		24 750	завод, новый,  7406-1118013-01, под заказ	12 646	восстановленный, гарантия 6 мес.																	Турбокомпрессоры		turbokompressor-kamaz-evro-2-tkr-7s-6-levyj__7406-1118010	/dvigatel_zapchasti/catalog/turbik/		7406-1118012, 7406-1118013		/dvigatel_zapchasti/img/turbik/	7406-1118010_1.jpg	7406-1118010_2.jpg					двигатели 740.11-240, 740.30-260, 740.31-240, 740.50, 740.51, 740.60-360, 740.61-320, 740.62-280, 740.63-400, 43261							0.25	0.22	0.26	10.44		
419	Турбокомпрессор КамАЗ Евро-4 ТКР 7С-6М под хомут левый / правый	740.60-1118012 (13)			10000		24 500	завод, новый, под заказ	13 250	восстановленный, гарантия 6 мес.																	Турбокомпрессоры		turbokompressor-kamaz-evro-4-tkr-7s-6m-levyj_740-60-1118013	/dvigatel_zapchasti/catalog/turbik/		740.60-1118012, 740.60-1118013		/dvigatel_zapchasti/img/turbik/	740.60-1118013_1.jpg	740.60-1118013_2.jpg					двигатели 740.602, 740.662, 740.632							0.25	0.22	0.26	10.44		
423	Турбокомпрессор Евро-3 HE 351 W (двиг. Cummins 6 ISBe)	6ISBe-4043980	4043982 / 4956030 / 4955908 / 2835140 / 4043980				32 500	Holset, Германия, под заказ																			Турбокомпрессоры		turbokompressor-evro-3-he-351-w-dvig-cummins-6-isbe_4043980	/dvigatel_zapchasti/catalog/turbik/				/dvigatel_zapchasti/img/turbik/	6ISBe-4043980_1.jpg	6ISBe-4043980_2.jpg				КАМАЗ 4308, 43255, 65115, 65116, 65117	двигатели Cummins 4ISBe, 6ISBe, 6ISDe												
425	Турбокомпрессор Евро-3 HE 221 W (двиг. Cummins 4 ISBe)	4ISBe-4043978	4043978 / 2835143 / 4956031 / 4033347				29 500	Holset, Германия, под заказ																			Турбокомпрессоры		turbokompressor-evro-3-he-221-w-dvig-cummins-4-isbe_4043978	/dvigatel_zapchasti/catalog/turbik/				/dvigatel_zapchasti/img/turbik/	4ISBe-4043978_1.jpg	4ISBe-4043978_2.jpg				КАМАЗ, ПАЗ, КАВЗ, Yutong ZK6852HG	двигатели Cummins, стандарта Евро-3 и 4, ISDe4, мощностью 185 л.с.												
																																																					
429	ТНВД ЯЗДА 33-02 Евро-0 на КамАЗ,УРАЛ-4320 (210 л.с)	33.1111007-02		44		13	24 500	<b>восстановленный, 'под новый'</b>, упаковка, гар. 6 мес.					55 850	завод, новый	38 000	сборка на б/у корпусе, паспорт, упаковка, гар. 6 мес.											ТНВД		tnvd-yazda-33-02-evro-0-na-kamaz-ural-4320-210_33-1111007-02	/dvigatel_zapchasti/catalog/tnvd/				/dvigatel_zapchasti/img/tnvd/	33.1111007-02_1.jpg					КамАЗ-5320, 5410, 5511, 54112, 55102, 4310, 43101; УРАЛ-4320, ЗИЛ-133ГЯ	двигатели 740.10	Число секций ТНВД	8	Диаметр макс. ход плунжера (мм)	9/10	Модель форсунки	33-02	0.37	0.4	0.5	26.4	Насос с V-образным расположением секций и межсекционным расстоянием 36 мм. с механическим регулятором с прямым и обратным корректором. 	ОАО &quot;Ярославский завод Дизельной аппаратуры&quot;
431	ТНВД ЯЗДА 334.5 на КамАЗ, ГАЗ-5903 ТУРБО	334.1111005		54,9		13	28 000	<b>восстановленный, 'под новый'</b>, упаковка, гар. 6 мес.					62 720	завод, новый	44 000	сборка из новых запчастей, паспорт, упаковка, гар. 6 мес.							271.1112010-02	271.1112110-01	7403-1118010/08		ТНВД		tnvd-yazda-na-kamaz-gaz-5903-turbo_334-1111005	/dvigatel_zapchasti/catalog/tnvd/				/dvigatel_zapchasti/img/tnvd/	334.1111005_1.jpg	334.1111005_2.jpg				КамАЗ-4326, КамАЗ-5315, КамАЗ-43114, КамАЗ-43118, ГАЗ-5903	двигатели 7403.10 Турбо	Плунжерная пара	33.1111074-01	Топливо-подкачка	323	Модель форсунки	271-02	0.38	0.36	0.51	26.35	Насос с V-образным расположением секций и межсекционным расстоянием 36 мм. с механическим регулятором с прямым и обратным корректором. 	ОАО &quot;Ярославский завод Дизельной аппаратуры&quot;
433	ТНВД ЯЗДА 337-40 на КамАЗ Евро-1 дв.740.11-240, 7405.10 (с муфтой)	337.1111005-40		62,5		24	49 500	<b>восстановленный, 'под новый'</b>, упаковка, гар. 6 мес.					95 800	завод, новый	69 500	сборка из новых запчастей, паспорт, упаковка, гар. 6 мес.							273.1112010-31	273.1112110-30	337.1111005-42.08	337.1111005-42	ТНВД		tnvd-yazda-337-40-na-kamaz-evro-1-dv-740-11_7405-10_337-1111005-40	/dvigatel_zapchasti/catalog/tnvd/				/dvigatel_zapchasti/img/tnvd/	337.1111005-40_1.jpg	337.1111005-40_2.jpg	dop_337.1111005-42.08_2.jpg	dop_337.1111005-40_5.jpg	dop_337.1111005-40_4.jpg	КамАЗ-55111-02, 65115, 53212-02, 54112-02, 54115, 53215,53205-02, 53213, 53202, 53229-02, 54105-02, 53228-02, 4326, 4350	двигатели 740.11, 7405.10			Диаметр макс. ход плунжера (мм)	11/13	Модель форсунки	273-30, 273-31	0.37	0.4	0.5	26.4	Насос с V-образным расположением секций и межсекционным расстоянием 36 мм. с механическим регулятором с прямым и обратным корректором. 	ОАО &quot;Ярославский завод Дизельной аппаратуры&quot;
435	ТНВД ЯЗДА 337-42.08 на КамАЗ Евро-1 дв.740.11 (без муфты)	337.1111005-42.08		62,5			49 500	<b>восстановленный, 'под новый'</b>, упаковка, гар. 6 мес.					97 800	<b>завод, новый</b>	69 500	сборка из новых запчастей, паспорт, упаковка, гар. 6 мес.							273.1112010-31	273.1112110-30	337.1111005-40	337.1111005-42	ТНВД		tnvd-yazda-337-42-08-na-kamaz-evro-1-dv-740-11_337-1111005-42-08	/dvigatel_zapchasti/catalog/tnvd/				/dvigatel_zapchasti/img/tnvd/	337.1111005-42.08_1.jpg		dop_337.1111005-42.08_2.jpg	dop_337.1111005-40_5.jpg	dop_337.1111005-40_4.jpg	Камаз-54115, 54215, 53229-02, 54105-02, 4326	двигатели 740.11-240	Плунжерная пара	337.1111150-11	Топливо-подкачка	332	Модель форсунки	273-31	0.3	0.4	0.4	27	Насос с V-образным расположением секций и межсекционным расстоянием 36 мм. с механическим регулятором с прямым и обратным корректором. 	ОАО &quot;Ярославский завод Дизельной аппаратуры&quot;
437	ТНВД ЯЗДА 337-42 КамАЗ Евро-1 дв.740.13 (без муфты)	337.1111005-42		63,5		24	49 500	<b>восстановленный, 'под новый'</b>, упаковка, гар. 6 мес.					97 800	<b>завод, новый</b>	69 500	сборка из новых запчастей, паспорт, упаковка, гар. 6 мес.							273.1112010-31	273.1112110-30	337.1111005-40	337.1111005-42.08	ТНВД		tnvd-yazda-337-42-kamaz-evro-1-dv-740-13_337-1111005-42	/dvigatel_zapchasti/catalog/tnvd/				/dvigatel_zapchasti/img/tnvd/	337.1111005-42_1.jpg	337.1111005-42_2.jpg	dop_337.1111005-42.08_2.jpg	dop_337.1111005-40_5.jpg	dop_337.1111005-40_4.jpg	КамАЗ-431118, 44108, 65111, 6540	двигатели 740.13-260			Диаметр макс. ход плунжера (мм)		Модель форсунки	273-20 (273-50)	0.37	0.38	0.5	24.56	V-образный топливный насос высокого давления для двигателей КАМАЗ.	без муфты опережения вспрыска. ОАО &quot;Ярославский завод Дизельной аппаратуры&quot;
439	ТНВД ЯЗДА 337-20 КамАЗ Евро-2 дв.740.30 	337-1111005-20		81,5	64,5	42	63 500	<b>восстановленный, 'под новый'</b>, упаковка, гар. 6 мес.					122 600	<b>завод, новый</b>	88 500	сборка из новых запчастей, паспорт, упаковка, гар. 6 мес.											ТНВД		tnvd-yazda-337-20-kamaz-evro-2-dv-740-30_337-1111005-20	/dvigatel_zapchasti/catalog/tnvd/				/dvigatel_zapchasti/img/tnvd/	337-1111005-20_1.jpg		dop_337.1111005-42.08_2.jpg		dop_337.1111005-40_4.jpg	КамАЗ-6520 (ЕВРО-2, 3), КАМАЗ-6522 (ЕВРО-2, 3) и КАМАЗ-43261 (ЕВРО-1, 2)	двигатели 740.30-260	Плунжерная пар	337.1111150-21	Топливо-подкачка	332	Модель форсунки	273-20(273-50)	0.27	0.3	0.42	25.98	ТНВД семейства 337-20 – это топливные насосы высокого давления с V-образным расположением секций и межсекционным расстоянием 36 мм. Насосы данного семейства позволяют обеспечить давление впрыска топлива 1200 бар. Комплектуются механическим всережимным регулятором с прямым, обратным корректорами и корректором по наддуву. ТНВД 337-20 сертифицированы в составе двигателей ОАО «КамАЗ» на соответствие Правил ЕЭК ООН № 49-02В (EURO-2).	ОАО &quot;Ярославский завод Дизельной аппаратуры&quot;
440	ТНВД ЯЗДА 337-20.03 КамАЗ Евро-2 дв.740.51	337.1111005-20.03					63 500	<b>восстановленный, 'под новый'</b>, упаковка, гар. 6 мес.					122 600	<b>завод, новый</b>	88 500	сборка из новых запчастей, паспорт, упаковка, гар. 6 мес.											ТНВД		tnvd-yazda-337-20-03-na-kamaz-evro-2-dv-740-51_337-1111005-20-03	/dvigatel_zapchasti/catalog/tnvd/				/dvigatel_zapchasti/img/tnvd/	337.1111005-20.05_1.jpg		dop_337.1111005-42.08_2.jpg		dop_337.1111005-40_4.jpg														
441	ТНВД ЯЗДА 337-20.05 на КамАЗ Евро-2 дв.740.31-240	337.1111005-20.05		81,5		42	63 500	<b>восстановленный, 'под новый'</b>, упаковка, гар. 6 мес.					122 600	<b>завод, новый</b>	88 500	сборка из новых запчастей, паспорт, упаковка, гар. 6 мес.											ТНВД		tnvd-yazda-337-20-05-na-kamaz-evro-2-dv-740-31_337-1111005-20-05	/dvigatel_zapchasti/catalog/tnvd/				/dvigatel_zapchasti/img/tnvd/	337.1111005-20.05_1.jpg	337.1111005-20.05_2.jpg	dop_337.1111005-42.08_2.jpg		dop_337.1111005-40_4.jpg	КамАЗ-4326, 4350, 53202, 53205-02, 53212-02, 53213, 53215, 53228-02, 53229-02, 54105-02, 55111-02, 54112-02, 54115, 6511	двигатели КамАЗ 740.31-240	Плунжерная пара	337.1111150-21	Топливо-подкачка	332	Модель форсунки	273-20(273-50)	0.35	0.4	0.5	25.5	ТНВД семейства 337-20 – это топливные насосы высокого давления с V-образным расположением секций и межсекционным расстоянием 36 мм. Насосы данного семейства позволяют обеспечить давление впрыска топлива 1200 бар. Комплектуются механическим всережимным регулятором с прямым, обратным корректорами и корректором по наддуву. ТНВД 337-20 сертифицированы в составе двигателей ОАО «КамАЗ» на соответствие Правил ЕЭК ООН № 49-02В (EURO-2).	ОАО &quot;Ярославский завод Дизельной аппаратуры&quot;
443	ТНВД ЯЗДА 337-20.06 на КамАЗ дв.740.35-400	337.1111005-20.06		81,5		42	67 200	<b>восстановленный, 'под новый'</b>, упаковка, гар. 6 мес.					122 600	<b>завод, новый, под заказ</b>	88 500	сборка из новых запчастей, паспорт, упаковка, гар. 6 мес.											ТНВД		tnvd-yazda-337-20-06-na-kamaz-dv-740-35_337-1111005-20-06	/dvigatel_zapchasti/catalog/tnvd/				/dvigatel_zapchasti/img/tnvd/	337.1111005-20.06_1.jpg		dop_337.1111005-42.08_2.jpg		dop_337.1111005-40_4.jpg		двигатели 740.35-400	Плунжерная пара	337.1111150-21	пара	324-01	Модель форсунки	274-22	0.24	0.27	0.41	26	ТНВД семейства 337-20 – это топливные насосы высокого давления с V-образным расположением секций и межсекционным расстоянием 36 мм. Насосы данного семейства позволяют обеспечить давление впрыска топлива 1200 бар. Комплектуются механическим всережимным регулятором с прямым, обратным корректорами и корректором по наддуву. ТНВД 337-20 сертифицированы в составе двигателей ОАО «КамАЗ» на соответствие Правил ЕЭК ООН № 49-02В (EURO-2).	ОАО &quot;Ярославский завод Дизельной аппаратуры&quot;
445	ТНВД ЯЗДА 337-20.07 на КамАЗ Евро-2 дв.740.55-300	337.1111005-20.07		81,5		42	67 200	<b>восстановленный, 'под новый'</b>, упаковка, гар. 6 мес.					122 600	<b>завод, новый</b>	88 500	сборка из новых запчастей, паспорт, упаковка, гар. 6 мес.											ТНВД		tnvd-yazda-337-20-07-na-kamaz-evro-2-dv-740-55_337-1111005-20-07	/dvigatel_zapchasti/catalog/tnvd/				/dvigatel_zapchasti/img/tnvd/	337.1111005-20.07_1.jpg		dop_337.1111005-42.08_2.jpg		dop_337.1111005-40_4.jpg		двигатели 740.55-300							0.3	0.4	0.4	25.92	ТНВД семейства 337-20 – это топливные насосы высокого давления с V-образным расположением секций и межсекционным расстоянием 36 мм. Насосы данного семейства позволяют обеспечить давление впрыска топлива 1200 бар. Комплектуются механическим всережимным регулятором с прямым, обратным корректорами и корректором по наддуву. ТНВД 337-20 сертифицированы в составе двигателей ОАО «КамАЗ» на соответствие Правил ЕЭК ООН № 49-02В (EURO-2).	ОАО &quot;Ярославский завод Дизельной аппаратуры&quot;
447	ТНВД ЯЗДА 337-20.04 на КамАЗ Евро-2 дв.740.50-360	337.1111005-20.04		81,5		42	67 200	<b>восстановленный, 'под новый'</b>, упаковка, гар. 6 мес.					122 600	<b>завод, новый</b>	88 500	сборка из новых запчастей, паспорт, упаковка, гар. 6 мес.											ТНВД		tnvd-yazda-337-20-04-na-kamaz-evro-2-dv-740-50_337-1111005-20-04	/dvigatel_zapchasti/catalog/tnvd/				/dvigatel_zapchasti/img/tnvd/	337.1111005-20.04_1.jpg		dop_337.1111005-42.08_2.jpg		dop_337.1111005-40_4.jpg	КамАЗ-6360-06, 6460-06, 5360-06, 5460-06	двигатели 740.50-360	Плунжерная пара	337.1111150-21	Топливо-подкачка	332	Модель форсунки	273-20(273-50)	0.3	0.4	0.4	25.5	ТНВД семейства 337-20 – это топливные насосы высокого давления с V-образным расположением секций и межсекционным расстоянием 36 мм. Насосы данного семейства позволяют обеспечить давление впрыска топлива 1200 бар. Комплектуются механическим всережимным регулятором с прямым, обратным корректорами и корректором по наддуву. ТНВД 337-20 сертифицированы в составе двигателей ОАО «КамАЗ» на соответствие Правил ЕЭК ООН № 49-02В (EURO-2).	ОАО &quot;Ярославский завод Дизельной аппаратуры&quot;
449	ТНВД BOSCH 608 на КамАЗ Евро-2 дв.740.31-240	0 402 648 608			135	55	78 000	<b>восстановленный, 'под новый'</b>, упаковка, гар. 6 мес.					нет	<b>завод, новый</b>	147 900	Сборка из новых з/ч на б/у корпусе, паспорт, упаковка, гар. 6 мес.											ТНВД		tnvd-bosch-608-na-kamaz-evro-2-dv-740-31_0-402-648-608	/dvigatel_zapchasti/catalog/tnvd/				/dvigatel_zapchasti/img/tnvd/	0_402_648_608_1.jpg	0_402_648_608_2.jpg				КамАЗ-43114, 43253, 4326, 53215	двигатель 740.31 (240 л.с.)							0.4	0.4	0.65	24.86	ТНВД Рядный механический.	
451	ТНВД BOSCH 609 на КамАЗ Евро-2 Евро-3 дв.740.50-360	0 402 648 609					78 000	<b>восстановленный, 'под новый'</b>, упаковка, гар. 6 мес.					нет	<b>завод, новый</b>	147 900	Сборка из новых з/ч на б/у корпусе, паспорт, упаковка, гар. 6 мес.											ТНВД		tnvd-bosch-609-na-kamaz-evro-2-evro-3-dv-740-50_0-402-648-609	/dvigatel_zapchasti/catalog/tnvd/				/dvigatel_zapchasti/img/tnvd/	0_402_648_609_1.jpg					КамАЗ-5460, 6460, 65225	двигатель 740.50 - 360 л.с.							0.4	0.4	0.65	24.98	ТНВД рядного типа Р 7100 с механическим регулятором частоты вращения	
453	ТНВД BOSCH 610 на КамАЗ Евро-2 дв.740.51-320	0 402 648 610					78 000	<b>восстановленный, 'под новый'</b>, упаковка, гар. 6 мес.					208 600	завод, новый, в наличии в Москве	147 900	Сборка из новых з/ч на б/у корпусе, паспорт, упаковка, гар. 6 мес.											ТНВД		tnvd-bosch-610-na-kamaz-evro-2-dv-740-51_0-402-648-610	/dvigatel_zapchasti/catalog/tnvd/				/dvigatel_zapchasti/img/tnvd/	0_402_648_610_1.jpg	0_402_648_610_2.jpg				КамАЗ-5460, 6460, 6520, 6522, 65225	двигатель 740.51-320							0.4	0.4	0.65	24.86	ТНВД рядного типа Р 7100 с механическим регулятором частоты вращения	
455	ТНВД BOSCH 611 на КамАЗ Евро-2 дв.740.30-260	0 402 648 611					78 000	<b>восстановленный, 'под новый'</b>, упаковка, гар. 6 мес.					запрос	<b>завод, новый</b>	147 900	Сборка из новых з/ч на б/у корпусе, паспорт, упаковка, гар. 6 мес.											ТНВД		tnvd-bosch-611-na-kamaz-evro-2-dv-740-30_0-402-648-611	/dvigatel_zapchasti/catalog/tnvd/				/dvigatel_zapchasti/img/tnvd/	0_402_648_611_1.jpg					КамАЗ-43118, 4355, 53605, 65117	двигатель 740.30-260							0.4	0.4	0.65	24.86	ТНВД рядного типа Р 7100 с механическим регулятором частоты вращения	
457	ТНВД BOSCH 818 на КамАЗ Евро-3 дв.740.60-740.63 электронный	0 402 698 818					97 800	<b>восстановленный, 'под новый'</b>, упаковка, гар. 6 мес.					запрос	<b>завод, новый</b>	185 000	Сборка из новых з/ч на б/у корпусе, паспорт, упаковка, гар. 6 мес.											ТНВД		tnvd-bosch-818-na-kamaz-evro-3-dv-740-60-740-63_0-402-698-818	/dvigatel_zapchasti/catalog/tnvd/				/dvigatel_zapchasti/img/tnvd/	0_402_698_818_1.jpg	0_402_698_818_2.jpg			0_402_698_818_6.jpg	КамАЗ 5460, 43114, 43118, 43253, 4326, 4355, 44108, 5320, 53215, 53223, 53228, 53229, 5360, 53605, 54115, 55111, 63501, 6460, 65111, 65116, 65117, 6520, 6520-06, 65201, 6522, 65225, 6540	двигатели 740.63-400, 740.65-240, 740.62-280, 740.61-320, 740.60-360							0.4	0.4	0.65	23.7	ТНВД рядного типа Р 7100 с механическим регулятором частоты вращения	
459	ТНВД ВОSСН 089 на КамАЗ Евро 3 Cоmmon Rail	0 445 020 089					98 600	<b>восстановленный</b>, упаковка, гар. 6 мес.	85 600	АЗПИ, Алтайский аналог 089, в наличии			196 800	новый, в наличии													ТНВД		tnvd-vossn-089-na-kamaz-evro-3-common-rail_0-445-020-089	/dvigatel_zapchasti/catalog/tnvd/				/dvigatel_zapchasti/img/tnvd/	0_445_020_089_1.jpg	0_445_020_089_2.jpg					двигатели 740.70...75 Евро-4							0.34	0.28	0.37	12.65	Common Rail (CR/CP3S3/L125/40-789S)	
461	Шестерня ведомая привода ТНВД в сборе						9 670	D30 Евро, 7405-1029120, завод	3 500	D26 Евро, 7405-1029120, аналог КМД			6 350	Cоmmon Rail, 740.90-1111047-10	6 249	Евро-2, 740.51-1121010											ТНВД		shesternya-vedomaya-privoda-tnvd-v-sbore	/dvigatel_zapchasti/catalog/tnvd/				/dvigatel_zapchasti/img/tnvd/	7405-1029120.jpg	740.51-1121010.jpg	740.90-1111047-10.jpg			грузовики КамАЗ	двигатели КамАЗ 740							0.16	0.16	0.14	3.4	Шестерня КАМАЗ ведомая привода топливного насоса ЕВРО в сборе. 	
																																																					
463	Форсунка ЯЗДА 33 на КамАЗ 740.10	33-1112010-03					1 280	новый, под заказ															33.1111007-02	271.1112010-02			Форсунки		forsunka-yazda-33-na-kamaz-740-10-33-1112010-03	/dvigatel_zapchasti/catalog/forsunki/				/dvigatel_zapchasti/img/forsunki/	33-1112010-03_1.jpg					КамАЗ-5320, 5410, 5511, ЗИЛ-133ГЯ, УРАЛ-4320	двигатели 740.10	установочный диаметр	25мм	диаметр иглы распылителя	6мм	давление подъема иглы (бар)	220-250	0.03	0.03	0.15	0.475	Форсунка  закрытого типа с многодырчатым распылителем и гидравлическим управлением подъема иглы.	
465	Форсунка ЯЗДА 271-02 на КамАЗ Турбо 7403, 740.10-20	271.1112010-02	271.1112010-01				1 360	новый, под заказ															334.1111005	271.1112110-01	7403-1118010/08		Форсунки		forsunka-yazda-271-02-na-kamaz-turbo-7403-740-10-20_271-1112010-02	/dvigatel_zapchasti/catalog/forsunki/				/dvigatel_zapchasti/img/forsunki/	271.1112110-01_1.jpg					КамАЗ-43114, 4326, 53228, 54112, ГАЗ-5903	двигатели 7403.10, 740.10-20	установочный диаметр	25мм	диаметр иглы распылителя	6мм	давление подъема иглы (бар)	220-250	0.04	0.03	0.15	0.46	Форсунка  закрытого типа с многодырчатым распылителем и гидравлическим управлением подъема иглы.	
467	Форсунка ЯЗДА 273-31 на КамАЗ Евро-1	273.1112010-31					1 328	новый, под заказ															273.1112110-30	337.1111005-42	337.1111005-40	7403-1118010/08	Форсунки		forsunka-yazda-273-31-na-kamaz-evro-1_273-1112010-31	/dvigatel_zapchasti/catalog/forsunki/				/dvigatel_zapchasti/img/forsunki/	273.1112010-31_1.jpg	273.1112010-31_2.jpg				КамАЗ-53213, комбайн ДОН-1500, трактор ХТЗ-16331	двигатели  740.11,  740.11, 740.13, 7405	установочный диаметр	25мм	диаметр иглы распылителя	6мм	давление подъема иглы (бар)	220-250	0.04	0.03	0.16	0.46	Форсунка  закрытого типа с многодырчатым распылителем и гидравлическим управлением подъема иглы.	
469	Форсунка ЯЗДА 273-20 на КамАЗ Евро-2	273.1112010-20					1 990	новый, под заказ																			Форсунки		forsunka-yazda-273-20-na-kamaz-evro-2_273-1112010-20	/dvigatel_zapchasti/catalog/forsunki/				/dvigatel_zapchasti/img/forsunki/	273.1112010-20_1.jpg	273.1112010-20_2.jpg				КамАЗ-65115, 65116, 6520, 43118, 53605	двигатели 740.30, 31, 50, 53, 56	установочный диаметр	25мм	диаметр иглы распылителя	6мм	давление подъема иглы (бар)	220-250	0.03	0.03	0.15	0.475	Форсунка  закрытого типа с многодырчатым распылителем и гидравлическим управлением подъема иглы.	
471	Форсунка ЯЗДА 274-22 на КамАЗ Евро-3	274.1112010-22					2 170	новый, под заказ																			Форсунки		forsunka-yazda-274-22-na-kamaz-evro-3_274-1112010-22	/dvigatel_zapchasti/catalog/forsunki/				/dvigatel_zapchasti/img/forsunki/	274.1112010-22_1.jpg						двигатели 740.60-360 740.610-320 740.62-280							0.03	0.03	0.15	0.475	Форсунка  закрытого типа с многодырчатым распылителем и гидравлическим управлением подъема иглы.	
475	Форсунка ЯЗДА МАЗ	26-1112010-13					-	новый, под заказ																			Форсунки		forsunka-yazda-maz_26-1112010-13	/dvigatel_zapchasti/catalog/forsunki/				/dvigatel_zapchasti/img/forsunki/	26-1112010-13_1.jpg	26-1112010-13_2.jpg				МАЗ	двигатели МАЗ							0.03	0.03	0.2	0.66	Форсунка ЯМЗ Н/О, короткий штуцер (замена на 26.1112010-13) ЯЗДА	
477	Форсунка Bosch 904 Евро (дв.740.31-260 и 400л.с.)	216-1112010 А			2292		3 280	новый, АЗПИ, под заказ																			Форсунки		forsunka-bosch-904-evro-240-260ls_216-1112010a	/dvigatel_zapchasti/catalog/forsunki/				/dvigatel_zapchasti/img/forsunki/	216-1112010_1.jpg	216-1112010_2.jpg												0.03	0.03	0.2	0.461		
479	Форсунка Bosch 905 (320л.с.)	216-1112010-01А					3 280	новый, АЗПИ, под заказ																			Форсунки		forsunka-bosch-905-320ls_216-1112010-01a	/dvigatel_zapchasti/catalog/forsunki/				/dvigatel_zapchasti/img/forsunki/	216-1112010-01a_1.jpg						двигатели 360							0.03	0.03	0.2	0.461		
481	Форсунка Bosch 906 (360л.с.)	216-1112010-02А					3 280	новый, АЗПИ, под заказ																			Форсунки		forsunka-bosch-906-360ls_216-1112010-02a	/dvigatel_zapchasti/catalog/forsunki/				/dvigatel_zapchasti/img/forsunki/	216-1112010-02a_1.jpg						двигатели 740.50-360							0.03	0.03	0.2	0.6		
472	Форсунка Bosch 153 Common Rail на КАМАЗ Евро-3-4-5, 740.75	0 445 120 153	АЗПИ А-04-001-00-00-00 / АЗПИ А04001000000 / 201149061 / 004510411120349088				15 800	аналог качественный, в наличии	37 500	Оригинал, под заказ													216-1112010-02А	0 445 120 123			Форсунки		forsunka-bosch-153-na-kamaz-evro-3-4-5_0-445-120-153	/dvigatel_zapchasti/catalog/forsunki/				/dvigatel_zapchasti/img/forsunki/	0-445-120-153_1.jpg	0-445-120-153_2.jpg	0-445-120-153_3.jpg	0-445-120-153_4.jpg	0-445-120-153_5.jpg	КамАЗ, НЕФАЗ	двигатели КАМАЗ Евро-3-4-5 - 740.62, 740.75, 740.622, 740.632, 740.705, 740.735							0.07	0.03	0.22	0.7	Common Rail 	
473	Форсунка Bosch 123 на 4/6ISBe, ISDe (V=4.5,6.7)	0 445 120 123	4937065, D4937065, 4937065, 0445120123, 0986AD1048				22 000	новый, под заказ					15 500	восстановленный, гарантия 6 мес.									0 445 120 161	0 445 120 153			Форсунки		forsunka-bosch-123-na-4-6isbe-isde_0-445-120-123	/dvigatel_zapchasti/catalog/forsunki/				/dvigatel_zapchasti/img/forsunki/	0_445_120_123_1.jpg					КамАЗ, ПАЗ, КАВЗ, НЕФАЗ	двигатели Cummins ISBe 185, 210, 270, 285, 300	Производитель DongFeng Cummins Engine Co. (DCEC)						0.04	0.03	0.16	0.5	Common Rail 	
483	Форсунка Bosch 161 Cummins  4/6ISBe, ISDe V=4.5, 6.7 Евро-4 на КамАЗ	0 445 120 161	4988835 / 0445120161				29 500	новый, БОШ, оригинал, под заказ															0 445 120 123				Форсунки		forsunka-bosch-161-cummins-4-6isbe-isde-na-kamaz_0-445-120-161	/dvigatel_zapchasti/catalog/forsunki/				/dvigatel_zapchasti/img/forsunki/	0_445_120_161_1.jpg													0.03	0.03	0.2	0.6		
																89276952240																																					
487	Распылитель форсунки ЯЗДА 33-12 на КамАЗ 740.10	33.1112110-12	аналог 214.1112110-60				-	нет в наличии															33-1112010-03	271.1112110-01			Распылители		raspylitel-forsunki-yazda-33-12-na-kamaz-740-10_33-1112110-12	/dvigatel_zapchasti/catalog/raspyliteli/			215	/dvigatel_zapchasti/img/raspyliteli/	33.1112110-12_1.jpg					КамАЗ-5320, 5410, 5511, ЗИЛ-133ГЯ, УРАЛ-4320	двигатели 740.10, 7409.10	Диаметр иглы	6 мм	Объем колодца	2 мм3	Число распл. отверстий	4	0.02	0.02	0.07	0.025		
489	Распылитель форсунки ЯЗДА 271-01 КамАЗ Турбо	271.1112110-01	аналог 214.1112110-60.01				-	нет в наличии															271.1112010-02	334.1111005			Распылители		raspylitel-forsunki-yazda-271-01-kamaz-turbo_271-1112110-01	/dvigatel_zapchasti/catalog/raspyliteli/			210	/dvigatel_zapchasti/img/raspyliteli/	271-1112110-01_1.jpg					КамАЗ-43114, 4326, 53228, 54112, ГАЗ-5903	двигатели 740.10-20, 7403.10	Диаметр иглы	6 мм	Объем колодца	2 мм3	Число распл. отверстий	4	0.02	0.02	0.07	0.025		Выпускался АЗПИ-  Алтайским заводом  прецезионных изделий под когдами 271.1112110-01, 272-1112110, 39.1112110-34) Сейчас маркеруется как А-01-008-01, 214-1112110-60.01. АЗПИ с 01.05.2012 внедрил новый распылитель А-01-008-01, взамен 214-1112110-60.01. На новых распылителях изменены длина хвостовика иглы и запирающий диаметр иглы распылителя, что позволяет, при установке распылителя А-01-008-01 обеспечить необходимое давление начала впрыскивания топлива без доп.подрегулировки.
491	Распылитель форсунки ЯЗДА 273-30 на КамАЗ Евро-1	273.1112110-30					-	нет в наличии															273.1112010-31	33.1112110-12			Распылители		raspylitel-forsunki-yazda-273-30-na-kamaz-evro-1_273-1112110-30	/dvigatel_zapchasti/catalog/raspyliteli/			245	/dvigatel_zapchasti/img/raspyliteli/	273.1112110-30_1.jpg					КамАЗ-53213	двигатели КамАЗ-740.11-240, 740.22-240, -40.01,-40.02,-42.01,-42.08,-336-20	Диаметр иглы	6 мм	Объем колодца	0.6 мм3	Число распл. отверстий	5	0.02	0.02	0.07	0.025		к ТНВД: 337-40.01, 337-40.02, 337-42.01,337-42.08, 336-20.
493	Распылитель форсунки ЯЗДА 273-20 на КамАЗ Евро-2	273.1112110-20					-	нет в наличии															273.1112010-20	273.1112110-30			Распылители		raspylitel-forsunki-yazda-273-20-na-kamaz-evro-2_273-1112110-20	/dvigatel_zapchasti/catalog/raspyliteli/			490	/dvigatel_zapchasti/img/raspyliteli/	273.1112110-20_1.jpg	273.1112110-20_2.jpg				КамАЗ-65115, 65116, 6520, 43118, 53605	двигатели 740.30, 740.51, 740.50, 740.31	Диаметр иглы	6 мм	Объем колодца	0.6 мм3	Число распл. отверстий	5	0.02	0.02	0.07	0.06		
495	Распылитель форсунки ЯЗДА 33-220 МАЗ (аналог 26-220)	33-1112110-220	аналог 26-1112110-220				-	нет в наличии															33-1112110-230	26-1112010-13			Распылители		raspylitel-forsunki-yazda-33-220-maz-analog-26-220_33-1112110-220	/dvigatel_zapchasti/catalog/raspyliteli/			280	/dvigatel_zapchasti/img/raspyliteli/	33-1112110-220_1.jpg	33-1112110-220_2.jpg					двигатели ЯМЗ-236М2, 238ВМ	Диаметр иглы	6 мм	Объем колодца	2 мм3	Число распл. отверстий	4	0.02	0.02	0.07	0.06	(форсунка 26-03,10,11) полный аналог 26-1112110-01 выпускается ЯЗДА, 4 отверстия Не подходит на 12-ти цилиндровые двигатели	
497	Распылитель форсунки ЯЗДА 33-230 Супер МАЗ (в контейнере)	33-1112110-230	(вместо 261-1112110-01)				-	нет в наличии															33-1112110-220	26-1112010-13			Распылители		raspylitel-forsunki-yazda-33-230-super-maz_33-1112110-230	/dvigatel_zapchasti/catalog/raspyliteli/			280	/dvigatel_zapchasti/img/raspyliteli/	33-1112110-230_1.jpg						для наддувных двигателей ЯМЗ 238Д1, Д2, ДЕ,236НЕ, форсунка 261-1112010-03,10,11, 263-03	4 отверстия						0.02	0.02	0.07	0.06	полный аналог 261-1112110-01	при установке распылителя 33.1112110-220 в форсунки модели 261 взамен распылителя 26.1112110-01 производится замена всего
499	Распылитель форсунки Bosch 904 КамАЗ Евро-2	0433171904					-	нет в наличии															216-1112010 А	0433171905	0433171906		Распылители		raspylitel-forsunki-bosch-904-kamaz-evro-2_0433171904	/dvigatel_zapchasti/catalog/raspyliteli/			945	/dvigatel_zapchasti/img/raspyliteli/	0433171904_1.jpg					КамАЗ-4311, 4325, 4326, 4355, 5321, 5360, 6511	двигатели 740.30-260, 740.31-240							0.03	0.03	0.07	0.03	для ТНВД BOSCH -608,-611 (dlla 148p1460)	
501	Распылитель форсунки Bosch 905 на дв.740.51	0433171905					-	нет в наличии															216-1112010-01А	0433171904	0433171906		Распылители		raspylitel-forsunki-bosch-905-na-dv-740-51_0433171905	/dvigatel_zapchasti/catalog/raspyliteli/			945	/dvigatel_zapchasti/img/raspyliteli/	0433171905_1.jpg					КамАЗ-6520, 6522	двигатели 740.51-320							0.03	0.03	0.07	0.03	Распылитель КАМАЗ (dlla 148p1461) для ТНВД BOSCH -610	
503	Распылитель форсунки Bosch 906	0433171906	201149009				-	нет в наличии															216-1112010-02А	0433171905	0433171904		Распылители		raspylitel-forsunki-bosch-906_0433171906	/dvigatel_zapchasti/catalog/raspyliteli/			900	/dvigatel_zapchasti/img/raspyliteli/	0433171906_1.jpg					КамАЗ-5460, 4311, 4325, 4326, 4410, 5256, 5299, 5320, 5321, 5322, 5360, 5411, 5460, 5511, 6350, 6460, 6511, 6520, 6522, 6540, 66066-62	двигатели 740.50-360 л/с							0.03	0.03	0.07	0.03		
																																																					
507	Вал распределительный КамАЗ в сборе	740.1006015-04, 740.21-1006015, 740.21-1006010			15000		11 390	740 евро-0 старого образца, 740.1006015-04	15 547	Евро-1-2, 740.21-1006015			25 123	Евро-1-2 с шестерней, 740.21-1006010													Запчасти двигателя		val-raspredelitelnyj-kamaz_740-1006015	/dvigatel_zapchasti/catalog/				/dvigatel_zapchasti/img/						КамАЗ 4310, 43114, 43118	двигатели: 740.10, 7403.10, 740.13, 740-30, 740-31												
																																																					
551	Комплект переоборудования двигателя Камаз Евро-4-5 на Евро-2	Евро-4/5 -> Евро-2 - полный		240	300		320 300	комплект 'под ключ' (без ГБЦ)	435 000	комплект полный (с ГБЦ)													Евро-3 -> Евро-2 - полный				Комплект		komplekt-pereoborudovaniya-dvigatelya-kamaz-evro-4-5-common-rail-na-evro-2-yazda	/dvigatel_zapchasti/catalog/komplekty/				/dvigatel_zapchasti/catalog/komplekty/img/	komplekt-peredelki-kamaz-evro-4-5-evro2_1.jpg	komplekt-peredelki-kamaz-evro-4-5-evro2_2.jpg				КАМАЗ 43118, 5350, 53504, 6520, 65221, 65222, 65225, 65226, 6540, 65201  	двигатели: ЕВРО-4 :  740.70-280 ; 740.71-320 ; 740.72-360 ; 740.73-400; 740.73-400; 740.74-420 ; 740.75-440 ; 740.602-360 ; 740.612-320; 740.622-280 ; 740.632-400; 740.642-420 ; 740.652-260 ; 740.662-300.<br> ЕВРО-5 : 740.705-300 ; 740.715-320 ; 740.725-360 ; 740.735-400 ; 740.745-420 ; 740.755-440 ;							0.5	0.5	0.7	95	Полный комплект переоборудования двигателя с ТНВД Bocsh Common Rail Евро 4/5 на ТНВД ЯЗДА (Ярославль) ЕВРО-2. Состав комплекта: ТНВД (новый), форсунки, трубки, метизы, педаль газа и т. д	
555	Комплект переоборудования двигателя Камаз Евро-3 на Евро-2	Евро-3 -> Евро-2 - полный		80	100		138 000	комплект полный															Евро-4/5 -> Евро-2 - полный				Комплект		komplekt-pereoborudovaniya-dvigatelya-kamaz-evro-3-bosch-na-evro-2-yazda	/dvigatel_zapchasti/catalog/komplekty/				/dvigatel_zapchasti/catalog/komplekty/img/	komplekt-peredelki-kamaz-evro-3_evro2_5.jpg			komplekt-peredelki-kamaz-evro-3_evro2_6.jpg		КАМАЗ 43118, 5350, 53504, 6520, 65221, 65222, 65225, 65226, 6540, 65201  	Двигатели Евро-3: 740.60-360 ; 740.61-320 ; 740.62-280 ; 740.63-400 ; 740.64-420 ; 740.65-240							0.5	0.5	0.7	55	Полный комплект переоборудования автомобилей КамАЗ с двигателями с ТНВД Bocsh Евро-3 на ТНВД ЯЗДА (Ярославль) ЕВРО-2 - Состав: ТНВД (новый), форсунки, трубки, метизы, педаль газа и т. д.	
559	Комплект переоборудования двигателя 740 на турбированный 7403 Камаз 	камаз-турбо																																/dvigatel_zapchasti/catalog/komplekty/img/																			
563																																																					
571																																																					
																																																					
991	Подогреватель топлива ПТ-570	830-1190010	1190010			6336	5 280	АМТК, ПТ-570, под заказ, 830-1190010	5 400	ПТ-570-М модерниз. АМТК, 830-1190010													830-1190510	830-1190511	830-1190530	830-1190130	амтк		830-1190010_podogrevatel-topliva-pt-570	/kamaz-4310/catalog/tormoza/				/kamaz-4310/catalog/tormoza/img/	pt570.png	pt570-1.png	pt570-2.png			КамАЗ 5320, 4310, 53205, 53212, 53215; 5410, 54115; 55111,54112, 55102,5511, 65117, ПАЗ								0.21	0.184	0.088	2.6	Используется для подогрева дизельного топлива при низких температурах. Предназначен для установки на автомобили семейства КамАЗ, но может устанавливаться практически на любые автомобили с дизельными двигателями. Подогрев топлива осуществляется за счет тепла, отводимого охлаждающей жидкостью от компрессора и не требует дополнительных источников энергии. Подогреватель представляет собой теплообменник, выполненный из коррозионностойких материалов. Для подогрева топлива используется тепло охлаждающей жидкости, которая прошла через двигатель и компрессор пневмотормозов и имеет максимальную температуру, что обеспечивает высокую эффективность теплообмена. Осуществляется подогрев топлива от фильтра тонкой очистки , идущего на слив в топливный бак. Таким образом, осуществляется постоянный подогрев топлива в баке, а затем по всей топливной системе, включая фильтр тонкой и грубой очистки топлива.	
	Подогреватель топлива ПТ-570-М модернизирован.	830-1190010					5 280																											/kamaz-4310/catalog/tormoza/img/																			
995	Топливозаборник с подогревом ПТ-510, код 119510	830-1190510	1190510				3 108	ПТ 510х400мм АМТК, под заявку, 830-1190510	3 120	ПТ 510х520мм, АМТК			3 168	ПТ 510х640мм АМТК									830-1190010	830-1190511	830-1190530	830-1190130	амтк		830-1190510_toplivozabornik-s-podogrevom-pt-510kh400mm	/kamaz-4310/catalog/tormoza/				/kamaz-4310/catalog/tormoza/img/	pt-510.png					КамАЗ 5320, 4310, 53205, 53212, 53215; 5410, 54115; 55111,54112, 55102,5511, 65117, ПАЗ												Позисторный подогреватель топлива ПТ 510 предназначен для подогрева топлива при отрицательных температурах окружающего воздуха при запуске автомобиля. ПТ 510 устанавливается на автомобиль в топливный бак взамен топливозаборника. Подогрев топлива осуществляется с помощью четырех позисторов, установленных в герметичной, неразборной коробке позисторов.	Топливозаборник с подогревом ПТ-510
	Топливозаборник с подогревом ПТ 510х520мм	830-1190510					2 952																											/kamaz-4310/catalog/tormoza/img/																			
999	Топливозаборник с подогревом ПТ-510, код 1190511	830-1190511	1190511				3 132	ПТ 510х540мм АМТК, 830-1190511	3 168	ПТ 510х660мм АМТК, под заказ, 830-1190511													830-1190510	830-1190530	830-1190130	830-1190010	амтк		830-1190511_toplivozabornik-s-podogrevom-pt-510kh540mm	/kamaz-4310/catalog/tormoza/				/kamaz-4310/catalog/tormoza/img/						КамАЗ 5320, 4310, 53205, 53212, 53215; 5410, 54115; 55111,54112, 55102,5511, 65117, ПАЗ													
	Топливозаборник с подогревом ПТ 510х640мм	830-1190510					2 988																											/kamaz-4310/catalog/tormoza/img/																			
	Топливозаборник с подогревом ПТ 510х660мм	830-1190511					3 144																											/kamaz-4310/catalog/tormoza/img/																			
1005	Топливозаборник с подогревом и обратным сливом ПТ 530	830-1190530	1190530				3 336	ПТ 530х310 Валдай АМТК, 830-1190530, под заказ	3 312	ПТ 530х400 АМТК, под заказ, 830-1190530			3 336	ПТ 530х520 АМТК, под заказ, 830-1190530	3 348	ПТ 530х540 АМТК, под заказ, 830-1190530	3 360	ПТ 530х640 АМТК, под заказ, 830-1190530	3 432	ПТ 530х660 АМТК, под заказ, 830-1190530			830-1190130	830-1190511	830-1190510	830-1190010	амтк		830-1190530_toplivozabornik-s-podogrevom-i-obratnym-slivom	/kamaz-4310/catalog/tormoza/				/kamaz-4310/catalog/tormoza/img/	pt-530.png					КамАЗ 5320, 4310, 53205, 53212, 53215; 5410, 54115; 55111,54112, 55102,5511, 65117, ПАЗ												Проблемы замерзшего дизельного топлива решаются установкой в бак предпускового подогревателя. В предпусковом режиме подогреватель включается перед пуском двигателя на 3…5 мин. За это время топливо в корпусе подогревателя нагревается до положительной температуры. Горячая обратка, сбрасывается в зону забора топлива.	Подогреватель баковый ПТ-530 (позисторный)
	Топливозаборник с подогревом и обратным сливом ПТ 530х400	830-1190530					3 312																											/kamaz-4310/catalog/tormoza/img/																			
	Топливозаборник с подогревом и обратным сливом ПТ 530х520	830-1190530					3 336																											/kamaz-4310/catalog/tormoza/img/																			
	Топливозаборник с подогревом и обратным сливом ПТ 530х540	830-1190530					3 348																											/kamaz-4310/catalog/tormoza/img/																			
	Топливозаборник с подогревом и обратным сливом ПТ 530х640	830-1190530					3 360																											/kamaz-4310/catalog/tormoza/img/																			
	Топливозаборник с подогревом и обратным сливом ПТ 530х660	830-1190530					3 432																											/kamaz-4310/catalog/tormoza/img/																			
1017	Топливозаборник с обратным сливом ПТ-360	830-1190130	1190130				1 572	ПТ-360х400, АМТК	1 608	ПТ-360х520, АМТК			1 656	ПТ-360х640, АМТК									830-1190530	830-1190511	830-1190510	830-1190010	амтк		830-1190130_toplivozabornik-s-obratnym-slivom	/kamaz-4310/catalog/tormoza/				/kamaz-4310/catalog/tormoza/img/	tpt-2.png					КамАЗ 5320, 4310, 53205, 53212, 53215; 5410, 54115; 55111,54112, 55102,5511, 65117, ПАЗ												Проблемы замерзшего дизельного топлива решаются установкой в бак предпускового подогревателя. В предпусковом режиме подогреватель включается перед пуском двигателя на 3…5 мин. За это время топливо в корпусе подогревателя нагревается до положительной температуры. Горячая обратка, сбрасывается в зону забора топлива.	
	Топливозаборник с обратным сливом ПТ-360х520	830-1190130					1 608																											/kamaz-4310/catalog/tormoza/img/																			
	Топливозаборник с обратным сливом ПТ-360х640	830-1190130					1 656																											/kamaz-4310/catalog/tormoza/img/																			
	Энергоаккумулятор тип 20/20 пр-во 'АМТК' (брод) 	830-3519100-01					5 208																											/kamaz-4310/catalog/tormoza/img/																			
	Энергоаккумулятор тип 20/20 пр-во 'АМТК' (брод) без упаковки	830-3519100-01					5 016																											/kamaz-4310/catalog/tormoza/img/																			
1027	Энергоаккумулятор тип 20/20	830-3519100	3519100				5 040	упакованный, АМТК	4 872	без упаковки, АМТК			5 208	модерниз.(брод), упак., АМТК 830-3519100-01	5 016	модерниз.(брод), без упак., АМТК							830-3519200	830-3519201-10/30	830-3519301		амтк		830-3519100_energoakkumulyator-tip-20-20-pr-vo-amtk	/kamaz-4310/catalog/tormoza/				/kamaz-4310/catalog/tormoza/img/	tip2020-1.png	tip2020-2.png				КамАЗ 5320, 53205, 53212, 53215; 5410, 54115; 55111,54112, 55102,5511, 65117, ПАЗ, НефАЗ 8332-03		Тип 	20/20	Ход штока	57мм	Вылет штока	58+1,5мм					Тормозная камера задняя с энергоаккумулятором тип 20/20 имеет особую конструкцию. Благодаря 100% герметичности она надежно защищена от загрязнений. Тормозная камера не боится ни песка, ни коррозии. Современный способ порошкового окрашивания позволяет избежать и примерзания корпуса при низких температурах.	Межосевое расстояние болтов крепления, мм В = 120 Присоединительные болты d1 = M16 х 1,5 Диаметр отверстия вилки d2 = 12 Температурный интервал °С = -45…+80
	Энергоаккумулятор тип 20/20 пр-во 'АМТК' без упак.	830-3519100					4 872																											/kamaz-4310/catalog/tormoza/img/																			
	Энергоаккумулятор тип 24/24 пр-во 'АМТК'(брод) упакованный	830-3519200-01					5 460	АМТК, упакованный																										/kamaz-4310/catalog/tormoza/img/																			
	Энергоаккумулятор тип 24/24 пр-во 'АМТК'(брод) без упаковки	830-3519200-01					5 280																											/kamaz-4310/catalog/tormoza/img/																			
1035	Энергоаккумулятор тип 24/24	830-3519200	3519200				5 316	АМТК, стандарт, упакованный	5 112	АМТК, стандарт, без упаковки			5 460	АМТК, модернизированный(брод), упакованный	5 280	АМТК, модернизированный(брод), без упак.	5 616	АМТК, шток 420 без упак.					830-3519100	830-3519201-10/30	830-3519301		амтк		830-3519200_energoakkumulyator-tip-24-24-pr-vo-amtk-upak	/kamaz-4310/catalog/tormoza/				/kamaz-4310/catalog/tormoza/img/	tip2424-1.png					КамАЗ-43114, 43118, 4350, 4326,43253, 43255, 53228, 53229, 65111, 65115, 65116, 65117; КрАЗ 5444, 6437; МАЗ 4323, 5336, 5554		Тип 	24/24	Ход штока	57мм	Вылет штока	58+1,5мм					Как у импортных аналогов отсутствует дренажная трубка. Благодаря 100% герметичности она надежно защищена от загрязнений. Тормозная камера не боится ни песка, ни коррозии. Универсальна — ставится как на левую так и на правую сторону	Межосевое расстояние болтов крепления, мм В = 120 Присоединительные болты d1 = M16 х 1,5 Диаметр отверстия вилки d2 = 12 Температурный интервал °С = -45…+80
	Энергоаккумулятор тип 24/24 пр-во 'АМТК'без упак.	830-3519200					5 112																											/kamaz-4310/catalog/tormoza/img/																			
	Энергоаккумулятор тип 24/24 пр-во 'АМТК' шток 420 без упак.	830-351920-10					5 616																											/kamaz-4310/catalog/tormoza/img/																			
1041	Энергоаккумулятор тип 24/20	830-3519201-10/30	3519201-10/30				4 488	АМТК, без упак.															830-3519100	830-3519200	830-3519301		амтк		830-3519201-10-30_energoakkumulyator-tip-24-20-pr-vo-amtk-bez-upak	/kamaz-4310/catalog/tormoza/				/kamaz-4310/catalog/tormoza/img/						КамАЗ-		Тип 	24/20										
1043	Энергоаккумулятор тип 30/24	830-3519301	3519301				5 124	АМТК, без упаковки	5 544	АМТК, шток 420 мм, 830-3519301-10													830-3519100	830-3519200	830-3519201-10/30		амтк		830-3519301_energoakkumulyator-tip-30-24-pr-vo-amtk-bez-upakovki	/kamaz-4310/catalog/tormoza/				/kamaz-4310/catalog/tormoza/img/	tip3024-1.png	tip3024-2.png				Полуприцепы Нефаз		Тип 	30/24	Ход штока	57мм	Вылет штока	375 мм					Благодаря надежной герметичности она защищает энергоаккумулятор от загрязнений. Современная технология порошкового окрашивания исключает появление коррозии, а также примерзания манжеты поршня зимой. Благодаря резьбе на штоке вы можете выбрать оптимальную длину вылета штока для вашего автомобиля.	Межосевое расстояние болтов крепления, мм В = 120 Присоединительные болты d1 = M16 х 1,5 Диаметр отверстия вилки d2 = 14 Угол установки хомута,°C = 90+5 Температурный интервал °С = -45…+80
	Энергоаккумулятор тип 30/24 пр-во 'АМТК' шток 420 мм	830-3519301-10					5 544																											/kamaz-4310/catalog/tormoza/img/																			
1047	Камера тормозная передняя тип 20 	830-3519110	3519110				1 452	АМТК, упакованная	1 416	АМТК, с длинным штоком			1 332	АМТК, без упаковки									830-3519210	830-3519310			амтк		830-3519110_kamera-tormoznaya-perednyaya-tip-20	/kamaz-4310/catalog/tormoza/				/kamaz-4310/catalog/tormoza/img/	kt-20-1.png					НефАЗ: 8332 (двускатный), 9334-20, 93341-20 (21), ЗИЛ: 433360, 442160, 494560, 433110, ПАЗ: 4234, Амкодор: 333 (ТО-18Б), 342 (ТО-28)		Тип 	20	Ход штока	57мм	Вылет штока	58+1,5мм					Использование материалов и оборудования последнего поколения позволяет существенно увеличить срок службы изделия. Прочная пружина, превосходящая предыдущие аналоги по износостойкости, стабильно развивает необходимое усилие. 	Межосевое расстояние болтов крепления, мм В = 120 Присоединительные болты d1 = M16 х 1,5 Диаметр отверстия вилки d2 = 12 Угол установки хомута, °C = 45±5 Температурный интервал °С = -45…+80
	Камера тормозная передняя тип 20	830-3519110					1 416																											/kamaz-4310/catalog/tormoza/img/																			
	Камера тормозная передняя тип 20 	830-3519110					1 332																											/kamaz-4310/catalog/tormoza/img/																			
1053	Камера тормозная передняя тип 24 	830-3519210	3519210				1 524	АМТК, упакованная	1 404	АМТК, без упаковки			1 476	АМТК, с длинным штоком									830-3519310	830-3519110			амтк		830-3519210_kamera-tormoznaya-perednyaya-tip-24	/kamaz-4310/catalog/tormoza/				/kamaz-4310/catalog/tormoza/img/	kt-24-1.png					КамАЗ-4310, 4326, 5315, 5320, 53212, 5410, 54112, 5511, 55102, КамАЗ-65115, 5297,  43101, 6540, 65116		Тип 	24	Ход штока	75мм	Вылет штока	58+1,5мм					Прочная пружина, превосходящая предыдущие аналоги по износостойкости, стабильно развивает необходимое усилие. 	Межосевое расстояние болтов крепления, мм В = 120 Присоединительные болты d1 = M16 х 1,5 Диаметр отверстия вилки d2 = 12 Угол установки хомута, °C = 90+5 Температурный интервал °С = -45…+80
	Камера тормозная передняя тип 24	830-3519210					1 404																											/kamaz-4310/catalog/tormoza/img/																			
	Камера тормозная передняя тип 24	830-3519210					1 476																											/kamaz-4310/catalog/tormoza/img/																			
1059	Камера тормозная передняя тип 30 	830-3519310	3519310				1 752	АМТК, без упаковки	1 836	АМТК, с длинным штоком													830-3519210	830-3519110			амтк		830-3519310_kamera-tormoznaya-perednyaya-tip-30	/kamaz-4310/catalog/tormoza/				/kamaz-4310/catalog/tormoza/img/	kt-30-1.png					КамАЗ 43118, 43253; 53229, 53605; 5460; 6460; 65111, 65115, 65116, 65117; 6520, 65201; МАЗ 4323, 5554, 5336; полуприцеп НефАЗ 9334-08.		Тип 	30	Ход штока	75мм	Вылет штока	58+1,5мм						Межосевое расстояние болтов крепления, мм В = 120 Присоединительные болты d1 = M16 х 1,5 Диаметр отверстия вилки d2 = 12 Угол установки хомута, °C = 90+5 Температурный интервал °С = -45…+80
	Камера тормозная передняя тип 30	830-3519310					1 836																											/kamaz-4310/catalog/tormoza/img/																			