id	name	code1	lk1	lk2	lk3	lk4	cat	cat2	url	path	ord	code2	code3	4310	4326	43114	43118	43261	4350	6450	prim	prim2	price1	price1_name	price2	price2_name	price3	price3_name	price4	price4_name	img_path	img1	img2	img3	img4	img5	par1	text1	par2	text2	par3	text3	w	h	l	m	desc	Comment	desc1
3	Двигатель КамАЗ 740.10-210 / Евро-0	74009.1000400	7403.1000400	740.13-1000400	740.31-1000400	740.30-1000400	Двигатели		dvigatel_740_10_evro-0	/kamaz-4310/catalog/dvigateli/											КамАЗ-4310, 43101, 54112, 5320, 53212, 5410, 54112, 55102, 55511; Урал-4320; ЗИЛ-133; АГМС.		430 000	новый, завод	335 000	новый, дочерняя компания	245 000	Кап.ремонт макс., из новых ориг.деталей, гарантия 1 год	230 000	Кап.ремонт, гарантия 6мес.	/kamaz-4310/img/dvigatel/	dvigatel_740.10_evro-0_1.jpg	dvigatel_740.10_evro-0_3.jpg	dvigatel_740.10_evro-0_5.jpg			Мощность	210	КПП	14, 142, 15, 152			0.95	1.1	1.26	750	4-тактный 8-цилиндровый V-образный дизель. Первый мотор КамАЗа.	Топливная аппаратура: ЯЗДА 334.1111005, рабочий объем 10,85 л., Модификации: 740.1000312, 740.1000412, 740.1000412-20, 740.1000512-20	
5	Двигатель КамАЗ 7403.10-260 / Турбо	7403.1000400	74009.1000400	740.13-1000400	740.31-1000400	740.30-1000400	Двигатели		dvigatel_7403_10_turbo	/kamaz-4310/catalog/dvigateli/											КамАЗ-4310, 43118, 5320, 5410, 55102, 5511		450 000	новый, завод	335 000	новый, дочерняя компания	245 000	Кап.ремонт макс., из новых ориг.деталей, гарантия 1 год	230 000	Кап.ремонт, гарантия 6мес.	/kamaz-4310/img/dvigatel/						Мощность	260	КПП	14, 142, 15, 152	Турбокомпрессор	ТКР 7Н1	0.95	1.1	1.26	780	Первое поколение турбированных двигателей КамАЗ. Показал хорошо себя в сложных дорожных условиях. Двигатель также устанавливался на ЗИЛ и Урал, БТР-70М, БТР-70 и серийные БТР-80.	Топливная аппаратура: ЯЗДА 334.1111005. Модицикации: 7403.1000302, 7403.1000312-04	
6	Двигатель КамАЗ 740.13-260 / Евро-1	740.13-1000400	740.31-1000400	740.30-1000400	7403.1000400	74009.1000400	Двигатели		dvigatel_740_13-260_evro-1	/kamaz-4310/catalog/dvigateli/											КамАЗ-43114, 43118, 65115, 54115, 53215, 53229 и др.		678 000	новый, завод	480 000	новый, дочерняя компания	410 000	Кап.ремонт макс., из новых ориг.деталей, гарантия 1 год	370 000	Кап.ремонт, гарантия 6мес.							Мощность	260	КПП	14, 142, 15, 152	Турбокомпрессор	ТКР 7Н1					Модифицированная версия двигателя 740.11,  один из первых двигателей класса евро 1, турбированный. Двигатель часто используется для энергоустановок и тяжелых кранов	Топливная аппаратура: ЯЗДА 334.1111005. Модицикации: 	
7	Двигатель КамАЗ 740.30-260 / Евро-1-2	740.30-1000400	740.31-1000400	740.13-1000400	7403.1000400	74009.1000400	Двигатели		dvigatel_740_30-260_evro-2	/kamaz-4310/catalog/dvigateli/											КамАЗ-43118, 65115, 65117, 65111		774 000	новый, завод	580 000	новый, дочерняя компания	450 000	Кап.ремонт макс., из новых ориг.деталей, гарантия 1 год			/kamaz-4310/img/dvigatel/			dvigatel_740.30_740.31_740.50_schema_15.jpg	dvigatel_740.30_740.31_740.50_schema_16.jpg		Мощность	260	КПП		Турбокомпрессор		0.95	1.1	1.26	840		Топливная аппаратура: ЯЗДА 334.1111005. Модицикации: 	
8	Двигатель КамАЗ 740.31-240 / Евро-2	740.31-1000400	740.30-1000400	740.50-1000400	740.13-1000400	7403.1000400	Двигатели		dvigatel_740_31-240_evro-2	/kamaz-4310/catalog/dvigateli/											КамАЗ-54115, 55111, 43253, 53215, 53228, 53229, 43118		684 000	новый, завод	580 000	новый, дочерняя компания	450 000	Кап.ремонт макс., из новых ориг.деталей, гарантия 1 год			/kamaz-4310/img/dvigatel/			dvigatel_740.30_740.31_740.50_schema_15.jpg	dvigatel_740.30_740.31_740.50_schema_16.jpg		Мощность	240	КПП	142, 152	Турбокомпрессор	2 турбокомпрессора	0.95	1.1	1.26	885		Топливная аппаратура: BOSCH, ЯЗДА-337	
9	Двигатель КамАЗ 740.50-360 / Евро-2-3	740.50-1000400	740.31-1000400	740.30-1000400			Двигатели		dvigatel_740_50-360_evro-2-3	/kamaz-4310/catalog/dvigateli/											КамАЗ-6520, тягачи 6460, 5460		760 000	новый, завод	605 000	новый, дочерняя компания	470 000	Кап.ремонт макс., из новых ориг.деталей, гарантия 1 год			/kamaz-4310/img/dvigatel/			dvigatel_740.30_740.31_740.50_schema_15.jpg	dvigatel_740.30_740.31_740.50_schema_16.jpg		Мощность	360	КПП	с однодисковым сцеплением (КП 154, ZF)			0.95	1.1	1.26	885	8-цилиндровый дизельный мотор для самосвалов и тягачей. Мотор оснащён системой охлаждения надувочного насоса типа «водух-воздух».	Топливная аппаратура: Bosch, ЯЗДА	
38																																																	
39	Коробка КПП-14 КамАЗ	14.1700025	141.1517050.01	142.1700025	142.1700109 (106) MFZ	144.1700100	КПП		kpp_14_kamaz	/kamaz-4310/catalog/kpp_korobki_peredach/	201										КамАЗ 4310, 5320						по запросу	кап.ремонт макс, гарантия 6 мес.			/assets/img/kpp/	kpp-14-kamaz.jpg	kpp-14-kamaz_11.jpg										0.6	0.5	1.2	252	5-ступенчатая коробка передач с шестернями постоянного зацепления на всех передачах и с синхронизаторами включения 2, 3, 4 и 5 передач. Все шестерни - косозубые, кроме шестерни 1-ой передачи и заднего хода.		
41	Коробка КПП-141 КамАЗ на УРАЛ 4320	141.1517050.01	142.1700025	142.1700109 (106) MFZ	144.1700100	14.1700025	КПП		kpp_141_kamaz	/kamaz-4310/catalog/kpp_korobki_peredach/	203										Урал 4320 и модификации для 43253, 43505, 4308			завод, новая	62 500		36 000	кап.ремонт макс, гарантия 6 мес.			/assets/img/kpp/	kpp-141-kamaz_1.png			kpp-141-kamaz_11.jpg								0.6	0.5	1.2	258	Улучшенная модификация 14-ой модели - КПП 141 КамАЗ с отличиями: - увеличенное количество зубьев на шестернях передач, что увеличивает тягу автомобиля, позволяя преодолевать крутые подъемы груженному автомобилю.		
43	Коробка КПП-142 КамАЗ	142.1700025	142.1700109 (106) MFZ	144.1700100	141.1517050.01	14.1700025	КПП		kpp_142_kamaz	/kamaz-4310/catalog/kpp_korobki_peredach/	204										КамАЗ 43114, 43118, 43253		по запросу	завод, новая	90 400	Наб.Челны, аналог, новая	58 000	кап.ремонт макс, гарантия 6 мес.	45 000	кап.ремонт - эконом, гарантия 3 мес.	/assets/img/kpp/	kpp-142-kamaz_1.png											0.6	0.5	1.2	254	Пять ступеней переднего хода и одна заднего, позволяют применять КПП КамАЗ без делителя на бортовых автомобилях, самосвалах и др.		
44	Коробка КПП-142 КамАЗ (однодиск.сцепл)	142.1700109 (106) MFZ	142.1700025	144.1700100	141.1517050.01	14.1700025	КПП		kpp_142_kamaz_odnodiskovoe	/kamaz-4310/catalog/kpp_korobki_peredach/	205										КамАЗ 43114, 43118, 43253		по запросу	завод, новая	92 000	Наб.Челны, аналог, новая	64 000	кап.ремонт, гарантия			/assets/img/kpp/	kpp-142-kamaz_1.png											0.6	0.5	1.2	254	Модификация для однодискового сцепления		
45	Коробка КПП-144 КамАЗ	144.1700100	142.1700109 (106) MFZ	142.1700025	141.1517050.01	14.1700025	КПП		kpp_144_kamaz	/kamaz-4310/catalog/kpp_korobki_peredach/	206										КамАЗ 4350, 5350		по запросу	завод, новая	по запросу	Наб.Челны, аналог, новая	по запросу	кап.ремонт, гарантия			/assets/img/kpp/	kpp-144-kamaz_1.png											0.6	0.5	1.2	254	Под одно-дисковое сцепление		
46	Коробка КПП-15 КамАЗ	15.1700027	152.1700025	151.1700056	154.1700051	152.1770010	КПП		kpp_15_kamaz	/kamaz-4310/catalog/kpp_korobki_peredach/	207										КамАЗ 5320, 5410, 5511				82 000	Наб.Челны, аналог, новая	60 000	кап.ремонт, гарантия (15.1700050)			/assets/img/kpp/	kpp-15-kamaz.jpg			kpp-15-kamaz_4.jpg								0.6	0.5	1.2	268	КПП 15 – 10-ступенчатая коробка передач. Основное отличие от КПП 15 от 14 серии  - наличие делителя, т.е. каждая скорость может быть повышенной или пониженной (прямой). КПП-15 взаимозаменяема с современными трансмиссиями 152ой версии.		
47	Коробка КПП-152 КамАЗ	152.1700025	154.1700051	15.1700027	151.1700056	152.1770010	КПП		kpp_152_kamaz	/kamaz-4310/catalog/kpp_korobki_peredach/	209										КамАЗ 43114, 53205, 43118, 55111, 53215, 43253, 65115		145 830	завод, новая	96 000	Наб.Челны, аналог, новая	67 000	кап.ремонт, гарантия (152.1517050.01)			/assets/img/kpp/	kpp-152-kamaz_1.png									объем	0.36 м3	0.6	0.5	1.2	322	КПП 152  заслуженно считается самой распространенной трансмиссией для КамАЗ, она встречается на множестве шасси, включая современные ЕВРО -1, 2: 4326, 43114, 53205, 43118, 55111, 53215, 43253, 65115 и другие. Зачастую данные шасси используют в качестве автомобилей-тягачей, автопоездов и самосвалов.		
49	Коробка КПП-151 КамАЗ (под ДВС ЯМЗ)	151.1700056	152.1700025	154.1700051	152.1700025	152.1770010	КПП		kpp_151_kamaz_yamz	/kamaz-4310/catalog/kpp_korobki_peredach/	211										стыковки с двигателем ЯМЗ на автомобилях МАЗ				92 400	Наб.Челны, аналог, новая	74 000	кап.ремонт, гарантия (152.1517050.01)			/assets/img/kpp/										объем	0.36 м3	0.6	0.5	1.2	302	КПП КАМАЗ 152 под ЯМЗ появились относительно недавно. Ранее для установки КПП 152 на силовой агрегат ЯМЗ необходимо было производить ряд переделок. Теперь мы можем предложить полностью подготовленную КПП КАМАЗ на ЯМЗ 238 или 236. Есть 'скоростная' модификация 152.1700054.		
51	Коробка КПП-154 КамАЗ	154.1700051	152.1700025	15.1700027	151.1700056	154.1770010	КПП		kpp_154_kamaz	/kamaz-4310/catalog/kpp_korobki_peredach/	213										КамАЗ 43118, 65115, 43505, 5350, 53605		172 815	завод, новая	115 000	Наб.Челны, аналог, новая	90 000	кап.ремонт, гарантия			/assets/img/kpp/	kpp-154-kamaz_1.png									объем	0.35 м3	0.6	0.5	1.2	330	10-ступенчатая, состоит из основного редуктора, унифицированного с КП 144 и делителя.        Применяются для автомобилей с двигателями, имеющими крутящий момент до 1100 Н·м.		
53	Коробка КПП ZF 16S 151 на КамАЗ	1341.002.074 / 1315.051.712	1341.002.117	1324.001.098/102			КПП		kpp_kamaz_zf-16s151	/kamaz-4310/catalog/kpp_korobki_peredach/	215										КамАЗ: 6520, 65221, 65222, 5460, 6350, 6450, а так же MAN, DAF, IVECO, RENAULT и др.		375 000	завод, новая	275 000	Наб.Челны, аналог, новая	225 000	кап.ремонт, гарантия 6 мес.			/assets/img/kpp/zf/	zf_16S-151_ecosplit_1.png									объем	0.31 м3	0.5	0.5	1.2	289	ZF-Ecosplit - механическая коробка передач третьего поколения с шестнадцатью ступенями переключения скоростей. С 2010 года стал применяться на КамАЗ 65115 и 6520.		
54	Коробка КПП ZF 16S 1820 на КамАЗ	1341.002.117	1341.002.074 / 1315.051.712	1324.001.098/102			КПП		kpp_kamaz_zf-16s1820	/kamaz-4310/catalog/kpp_korobki_peredach/	217										КамАЗ: 6520, 65221, 65222, 5460, а так же 6350 и 6450		378 000	завод, новая	275 000	Наб.Челны, аналог, новая	225 000	кап.ремонт, гарантия 6 мес.			/assets/img/kpp/zf/	zf_16S-1820_ecosplit_1.png									объем	0.31 м3	0.5	0.5	1.2	290	ZF-Ecosplit - механическая коробка передач третьего поколения с шестнадцатью ступенями переключения скоростей. С 2010 года стал применяться на КамАЗ 65115 и 6520.		
55	Коробка КПП ZF 9S 1310 на КамАЗ	1324.001.098/102	1341.002.074 / 1315.051.712	1341.002.117			КПП		kpp_kamaz_zf-9s1310	/kamaz-4310/catalog/kpp_korobki_peredach/	219										КамАЗ: 65115, 65116, 65117, 53605 и 5308, 43114 и 43118		335 000	завод, новая	275 000	Наб.Челны, аналог, новая	235 000	кап.ремонт, гарантия 6 мес.			/assets/img/kpp/zf/	zf_9S-1310_9s-109_ecomid_1.png									объем	0.35 м3	0.5	0.5	1.2	190	Считается аналогом 154 модели. Применяется в основном на КАМАЗ 43118. Коробка передач ЗФ 9S 1310  так же устанавливается на КАМАЗ 65115 и 65116 в грузовых модификациях.		
57	Делитель КПП 152	152.1770010					КПП		delitel_kpp-152-kamaz	/kamaz-4310/catalog/kpp_korobki_peredach/	221												80 500	завод, новый	60 000	Наб.Челны, аналог, новый	36 000	кап.ремонт, гарантия 6 мес.	по запросу		/assets/img/kpp/zap/																		
59	Делитель КПП 154	154.1770010					КПП		delitel_kpp-154-kamaz	/kamaz-4310/catalog/kpp_korobki_peredach/	223												101 800	завод, новый	82 000	Наб.Челны, аналог, новый	56 000	кап.ремонт, гарантия 6 мес.	по запросу		/assets/img/kpp/zap/																		
12																																																	
81	Коробка раздаточная КамАЗ 4310 в сборе	4310-1800020	43114-1800020-10	43114-1800020			РК		korobka-razdatochnaya-kamaz-4310-v-sbore	/kamaz-4310/catalog/razdatki/	1										КамАЗ-4310, КамАЗ-43101, КамАЗ-4326		78 000	новый с консервации, под заказ	58 000	кап.ремонт, гарантия 6 мес.					/kamaz-4310/img/razdatka/	4310-1800020_1.jpg	4310-1800020_2.png										0.54	0.57	0.7	260	Квадратные фланцы, Старого образца. В данный момент не выпускается, детали с консервации, прошедшую полную проверку и косметику.		
83	Коробка раздаточная КамАЗ 43114 (43118) в сборе	43114-1800020-10	43114-1800020	4310-1800020			РК		korobka-razdatochnaya-kamaz-43114-(43118)-v-sbore	/kamaz-4310/catalog/razdatki/	2										КамАЗ-43114, первые модели КамАЗ-43118, КамАЗ-43261 (Евро-1, 2)		88 000	новый, под заказ	72 000	кап.ремонт, гарантия 6 мес.					/kamaz-4310/img/razdatka/	43114-1800020-10_1.jpg		43114-1800020-10_3.jpg									0.55	0.66	0.7	252	Евро фланцы - круглые, со шлицами, Старого образца		
85	Коробка раздаточная КамАЗ 43114 с КОМ в сборе	43114-1800020	43114-1800020-10				РК		korobka-razdatochnaya-kamaz-43114-s-kom-v-sbore	/kamaz-4310/catalog/razdatki/	2										КамАЗ-43114, первые модели КамАЗ-43118, КамАЗ-43261 (Евро-1, 2)		88 000	новый, под заказ	72 000	кап.ремонт, гарантия 6 мес.					/kamaz-4310/img/razdatka/	43114-1800020_1.jpg											0.54	0.57	0.7	257	Евро фланцы - круглые, со шлицами, Старого образца		
87	Коробка раздаточная КамАЗ 65111 в сборе 	65111-1800020	65111-1800020-ком				РК		korobka-razdatochnaya-kamaz-65111	/kamaz-4310/catalog/razdatki/	3										КамАЗ-43114, 43118, 65111, 53228, 4326, 4350, 5350, 53501, 6350 и др.,	на современные КамАЗы	178 000	новый, под заказ	114 000	кап.ремонт, гарантия 6 мес.					/kamaz-4310/img/razdatka/	65111-1800020_1.jpg											0.55	0.65	0.7	209	Евро фланцы - круглые, со шлицами.	Деталь не взаимозаменяема с моделью 43114	
89	Коробка раздаточная КамАЗ 65111 с КОМ в сборе	65111-1800020-ком	65111-1800020				РК		korobka-razdatochnaya-kamaz-65111-s-kom-v-sbore	/kamaz-4310/catalog/razdatki/	3										КамАЗ-43114, 43118, 65111, 53228, 4326, 4350, 5350, 53501, 6350 и др.,	на современные КамАЗы	178 000	новый, под заказ	114 000	кап.ремонт, гарантия 6 мес.					/kamaz-4310/img/razdatka/	65111-1800020-kom_1.jpg											0.55	0.66	0.7	257	Евро фланцы - круглые, со шлицами.	Деталь не взаимозаменяема с моделью 43114	
91	Коробка раздаточная КамАЗ 6522 в сборе	6522-1800020	ZF VG 1600/300				РК		korobka-razdatochnaya-kamaz-6522-v-sbore	/kamaz-4310/catalog/razdatki/	4										КамАЗ-6522		запрос	новый, завод	248 000	кап.ремонт, гарантия 6 мес.					/kamaz-4310/img/razdatka/	6522-1800020_1.jpg											0.53	0.68	0.745	320	Евро фланцы - круглые, со шлицами.	Деталь взаимозаменяема с VG 1600/300 ZF и ZQC 2000-69A;	
93	Коробка раздаточная ZF VG 1600	ZF VG 1600/300	ZF VG 1600/300-m	ZF VG 2000/300			РК		korobka-razdatochnaya-zf-vg-1600	/kamaz-4310/catalog/razdatki/											КамАЗ-6522 и модификациях 65221, 65222, 65225		549 000	новый, завод	286 000	кап.ремонт, гарантия 6 мес.					/kamaz-4310/img/razdatka/	ZF_VG_1600_300_1.png	ZF_VG_1600_300_1.jpg				Фланцы крепления карданного вала	круглые					0.65	0.62	0.74	290		устанавливается на последнее поколение грузовиков КамАЗ. Устанавливается позади коробки передач и соединяется с ней карданным валом. Существует в двух исполнениях: с межосевым дифференциалом и без него.	
95	Коробка раздаточная ZF VG 1600 с масл.насос	ZF VG 1600/300-m	ZF VG 1600/300	ZF VG 2000/300			РК		korobka-razdatochnaya-zf-vg-1600-s-masl.nasos	/kamaz-4310/catalog/razdatki/											КамАЗ-6522 и модификациях 65221, 65222, 65225		запрос	новый, завод	265 000	кап.ремонт, гарантия 6 мес.					/kamaz-4310/img/razdatka/	ZF_VG_1600_300_1.png	ZF_VG_1600_300_1.jpg				Фланцы крепления карданного вала	круглые					0.65	0.62	0.74	305		устанавливается на последнее поколение грузовиков КамАЗ. Устанавливается позади коробки передач и соединяется с ней карданным валом. Существует в двух исполнениях: с межосевым дифференциалом и без него.	
97	Коробка раздаточная ZF VG 2000	ZF VG 2000/300	ZF VG 1600/300	ZF VG 1600/300-m			РК		korobka-razdatochnaya-zf-vg-2000	/kamaz-4310/catalog/razdatki/											КамАЗ-65224, -65225		580 000	новый, завод	320 000	кап.ремонт, гарантия 6 мес.					/kamaz-4310/img/razdatka/	ZF_VG_2000_300_1.png					Фланцы крепления карданного вала	круглые	Максимальный входной момент вала	25000 Нм			0.69	0.69	1.4	355	Раздаточная коробка КамАЗ VG 2000/300 ZF Steyr механическая, двухступенчатая, с межосевым дифференциалом, с тремя валами. 		
300																																																	
301	Вал ведущий главной передачи переднего моста	4310-2302024	5320-2502201	4310-1802110			Редуктор	Валы	val-vedushchij-glavnoj-peredachi-perednego-mosta-4310-2302024	/kamaz-4310/catalog/zapchasti/	301			1	1						КамАЗ-4310, КамАЗ-43101, КамАЗ-43114, КамАЗ-43118, КамАЗ-4326, КамАЗ-43261 (Евро-1, 2) , КамАЗ-4350 (4х4) , КамАЗ-43501 (4х4) , КамАЗ-53228, 65111 		3 200	завод	2 900	аналог Наб.Челны					/kamaz-4310/img/zap/	4310-2302024_2.jpg																	
303	Вал вторичный коробки передач в сборе	14.1701105	152.1770044	152.1701027	15.1770210-01	14.1701048	Коробка передач	Валы	val-vtorichnyj-korobki-peredach-v-sbore-14.1701105	/kamaz-4310/catalog/zapchasti/	303			1	1						КамАЗ-4310, КамАЗ-43101, КамАЗ-4326, КамАЗ-5315, КамАЗ-5320, КамАЗ-53212, КамАЗ-5410, КамАЗ-54112, КамАЗ-55102, КамАЗ-5511, КамАЗ-65115.	Применяется для КП моделей 14,15, также в ограниченных комплектациях КП 141.	4 900	завод		аналог Наб.Челны					/kamaz-4310/img/zap/	14.1701105_2.jpg															Вал устанавливается на модели КП 14, 15, различных комплектаций и в отдельные комплектации КП 141.	Обладает гарантированным ресурсом не менее 350 тыс. км.	 Синхронизатор изготавливается из высокопрочных легированных сталей, кроме фрикционных колец, которые изготовлены из латуни. Допускается замена на синхронизатор 142.1701151 с одновременной установкой в КП первичного вала 142.1701027 (или 142.1701025), шестерни пятой передачи 142.1701115. Рекомендуется одновременно установить вторичный вал 142.1701105. Обладает гарантированным ресурсом не менее 350 тыс. км.
305	Вал задний среднего моста	5320-2502201	4310-2302024	65111-1802110			Редуктор	Валы	val-zadnij-srednego-mosta-5320-2502201	/kamaz-4310/catalog/zapchasti/	305					1	1	1	1		КамАЗ-43118, КамАЗ-43261,(Евро-1,2), КамАЗ-43501(4х4), КамАЗ-5320, КамАЗ-53212, КамАЗ-53228,65111, КамАЗ-5410, КамАЗ-54112, КамАЗ-55102, КамАЗ-5511, КамАЗ-65115, КамАЗ-65116, КамАЗ-6540.		1 170	завод		аналог Наб.Челны					/kamaz-4310/img/zap/	5320-2502201_2.jpg											0.06	0.06	0.665	6.41			
307	Вал первичный делителя передач КПП	152.1770044	152.1701027	15.1770210-01	14.1701048	65111-1802024	Коробка передач	Валы	val-pervichnyj-delitelya-peredach-kpp-152.1770044	/kamaz-4310/catalog/zapchasti/	307					1	1	1			КамАЗ-5315, КамАЗ-5320, КамАЗ-53212, КамАЗ-5410, КамАЗ-54112, КамАЗ-5511, КамАЗ-55102, КамАЗ-65115, ЗИЛ 133ГЯ, КамАЗ-6540, КамАЗ-43118, 740.31-240 (Евро 2), КамАЗ-43261 (Евро-1, 2).		3 400	завод		аналог Наб.Челны					/kamaz-4310/img/zap/	152.1770044_2.jpg											0.1	0.1	0.4	44016	Вал 152.1770044 первичный делителя передач. Вал устанавливается в модели КП 142, 152 различных комплектаций со сцеплением модели 142.		
309	Вал первичный коробки передач с втулкой (с делителем)	152.1701027	152.1770044	15.1770210-01	14.1701048	65111-1802025	Коробка передач	Валы	val-pervichnyj-korobki-peredach-s-vtulkoj-s-delitelem-152.1701027	/kamaz-4310/catalog/zapchasti/	309					1	1	1			КамАЗ-43118, КамАЗ-43261 (Евро-1, 2), КамАЗ-6540, 740.31-240 (Евро 2)		5 300	завод		аналог Наб.Челны					/kamaz-4310/img/zap/	152.1701027_3.jpg															Вал первичный коробки передач в сборе со втулкой, подшипником и муфтой синхронизатора, стянутыми кольцевой гайкой, застопоренной раскерниванием поя­ска в пазы вала. 	Устанавливается на модели КП 152 различных комплектаций. Имеет усиленную зубчатую муфту, прочность которой повышена за счет увеличения высоты зуба и площади контакта. Обладает гарантированным ресурсом не менее 500 тыс. км.	
311	Вал первичный РК (раздаточной коробки)	65111-1802025	65111-1802024	4310-1802024	43114-1802024		Коробка раздаточная	Валы	val-pervichnyj-rk-razdatochnoj-korobki-65111-1802025	/kamaz-4310/catalog/zapchasti/	311							1	1	1	КамАЗ-43261 (Евро-1, 2), КамАЗ-4350 (4х4), КамАЗ-43501 (4х4) 		6 650	завод	1 750	аналог Наб.Челны					/kamaz-4310/img/zap/	65111-1802025_2.jpg																	
313	Вал первичный РК (раздаточной коробки) в сборе	65111-1802024	65111-1802025	4310-1802024	43114-1802024		Коробка раздаточная	Валы	val-pervichnyj-rk-razdatochnoj-korobki-v-sbore-65111-1802024	/kamaz-4310/catalog/zapchasti/	313							1	1	1	КамАЗ-43261 (Евро-1, 2), КамАЗ-4350 (4х4), КамАЗ-43501 (4х4) 		20 650	завод	7 000	аналог Наб.Челны					/kamaz-4310/img/zap/	65111-1802024_2.jpg														18	в сборе с 034 шестерней 65111-1802024		
315	Вал первичный РК (раздаточной коробки) в сборе	4310-1802024	65111-1802025	65111-1802024	43114-1802024		Коробка раздаточная	Валы	val-pervichnyj-rk-razdatochnoj-korobki-v-sbore-4310-1802024	/kamaz-4310/catalog/zapchasti/	315			1	1						КамАЗ-4310, КамАЗ-43101		8 250	завод		аналог Наб.Челны					/kamaz-4310/img/zap/	4310-1802024_2.jpg											0.205	0.205	0.287	15.0			
317	Вал первичный РК (раздаточной коробки) в сборе	43114-1802024	4310-1802024	65111-1802024	65111-1802025		Коробка раздаточная	Валы	val-pervichnyj-rk-razdatochnoj-korobki-v-sbore-43114-1802024	/kamaz-4310/catalog/zapchasti/	317				1	1	1	1			КамАЗ-43114, КамАЗ-43118, КамАЗ-4326, КамАЗ-53228, 65111, КамАЗ-43261 (Евро-1, 2)		17 980	завод	15 686	аналог Наб.Челны					/kamaz-4310/img/zap/	43114-1802024_2.jpg											0.205	0.205	0.287	15.0			
319	Вал привода переднего моста	65111-1802110	4310-1802110	65111-1802024			Мост передний	Валы	val-privoda-perednego-mosta-65111-1802110	/kamaz-4310/catalog/zapchasti/	319							1	1	1	КамАЗ-43261 (Евро-1, 2), КамАЗ-43501 (4х4), КамАЗ-53501 (6х6), КамАЗ-53504 (6х6), КамАЗ-6450 8х8, КамАЗ-63501 8х8.		6 190	завод	2 780	аналог Наб.Челны					/kamaz-4310/img/zap/	65111-1802110_2.jpg											0.07	0.07	0.486	6.8			
321	Вал привода переднего моста	4310-1802110	65111-1802110	4310-1802024			Мост передний	Валы	val-privoda-perednego-mosta-4310-1802110	/kamaz-4310/catalog/zapchasti/	321			1	1	1	1	1			КамАЗ-4310, КамАЗ-4326, КамАЗ-43101, КамАЗ-43114, КамАЗ-43118, КамАЗ-53228, 65111, КамАЗ-43261 (Евро-1, 2).		7 620	завод	3 300	аналог Наб.Челны					/kamaz-4310/img/zap/	4310-1802110_2.jpg											0.06	0.06	0.452	5.0			
323	Вал привода переднего моста	65111-1802110	4310-1802110	65111-1802024	65111-1802025		Мост передний	Валы	val-privoda-perednego-mosta-65111-1802110	/kamaz-4310/catalog/zapchasti/	323							1	1	1	КамАЗ-43261 (Евро-1, 2), КамАЗ-43501 (4х4) 		6 190	завод	2 780	аналог Наб.Челны					/kamaz-4310/img/zap/	65111-1802110_goliy_2.jpg											0.07	0.07	0.486	6.8	Вал КАМАЗ привода переднего моста на раздаточную коробку 65111. Размеры: 486х70.		
325	Вал промежуточный делителя передач в сборе	15.1770210-01	14.1701048	152.1770044	152.1701027		Коробка передач	Валы	val-promezhutochnyj-delitelya-peredach-v-sbore-15.1770210-01	/kamaz-4310/catalog/zapchasti/	325				1	1	1	1	1	1	КамАЗ-43114, -43118, -4350, -43253, -3229, -5511, -55111,  КамАЗ-6540, 740.31-240 (Евро 2), КамАЗ-43261 (Евро-1, 2).		2 600	завод		аналог Наб.Челны					/kamaz-4310/img/zap/	15.1770210-01_2.jpg											0.2	0.174	0.2	9.0			
327	Вал промежуточный КПП коробки передач	14.1701048	15.1770210-01	152.1770044	152.1701027		Коробка передач	Валы	val-promezhutochnyj-kpp-korobki-peredach-14.1701048	/kamaz-4310/catalog/zapchasti/	327			1	1	1	1	1	1	1	КамАЗ-4310, КамАЗ-4326, КамАЗ-5315, КамАЗ-5320, КамАЗ-53212, КамАЗ-5410, КамАЗ-54112, КамАЗ-5511, КамАЗ-55102, КамАЗ-65115, КамАЗ-5297, ЗИЛ 133ГЯ, УРАЛ-4320, УРАЛ-43202, УРАЛ-5557, КамАЗ-6540, КамАЗ-43114, КамАЗ-43118, КамАЗ-4308, 740.31-240 (Евро 2), КамАЗ-53228, 65111, КамАЗ-43261 (Евро-1, 2), УРАЛ-4420.		9 700	завод		аналог Наб.Челны					/kamaz-4310/img/zap/	14.1701048_2.jpg											0.12	0.12	0.5	16.4			
329	Вал промежуточный РК (раздаточной коробки)	43114-1802085	43114-1802084	4310-1802085	65111-1802085-10	65111-1802084-10	Коробка раздаточная	Валы	val-promezhutochnyj-rk-razdatochnoj-korobki-43114-1802085	/kamaz-4310/catalog/zapchasti/	329				1	1	1	1			КамАЗ-43114, КамАЗ-43118, КамАЗ-4326, КамАЗ-43261 Евро-1, 2, КамАЗ-53228, 65111		3 800	завод	1 870	аналог Наб.Челны					/kamaz-4310/img/zap/	43114-1802085_2.jpg											0.07	0.07	0.294	5.5			
331	Вал промежуточный РК (раздаточной коробки) голый	4310-1802085	4310-1802084	43114-1802085	65111-1802085-10	65111-1802084-10	Коробка раздаточная	Валы	val-promezhutochnyj-rk-razdatochnoj-korobki-4310-1802085	/kamaz-4310/catalog/zapchasti/	331			1							КамАЗ-4310, КамАЗ-43101		5 280	завод	1 870	аналог Наб.Челны					/kamaz-4310/img/zap/	4310-1802085_2.jpg											0.07	0.07	0.294	4.9			
333	Вал промежуточный РК (раздаточной коробки)	65111-1802085-10	65111-1802084-10	4310-1802085	43114-1802085	4310-1802084	Коробка раздаточная	Валы	val-promezhutochnyj-rk-razdatochnoj-korobki-65111-1802085-10	/kamaz-4310/catalog/zapchasti/	333							1	1		КамАЗ-43261 (Евро-1, 2), КамАЗ-43502 (Евро 4), КамАЗ-65111 (Евро 4)		3 320	завод	1 870	аналог Наб.Челны					/kamaz-4310/img/zap/	65111-1802085-10_2.jpg											0.06	0.06	0.36	6.17			
335	Вал промежуточный РК (раздаточной коробки) в сборе	43114-1802084	43114-1802085	4310-1802084	65111-1802084-10	4310-1802085	Коробка раздаточная	Валы	val-promezhutochnyj-rk-razdatochnoj-korobki-v-sbore-43114-1802084	/kamaz-4310/catalog/zapchasti/	335				1	1	1	1			КамАЗ-43114, КамАЗ-43118, КамАЗ-4326, КамАЗ-53228, 65111, КамАЗ-43261 (Евро-1, 2)		23 500	завод	21 430	аналог Наб.Челны					/kamaz-4310/img/zap/	43114-1802084_2.jpg											0.071	0.071	0.294	21.5			
337	Вал промежуточный РК (раздаточной коробки) в сборе	4310-1802084	4310-1802085	43114-1802084	65111-1802084-10	65111-1802085-10	Коробка раздаточная	Валы	val-promezhutochnyj-rk-razdatochnoj-korobki-v-sbore-4310-1802084	/kamaz-4310/catalog/zapchasti/	337			1	1						КамАЗ-4310, КамАЗ-43101		17 050	завод		аналог Наб.Челны					/kamaz-4310/img/zap/	4310-1802084_2.jpg											0.2	0.2	0.29	25.0			
339	Вал промежуточный РК (раздаточной коробки) в сборе	65111-1802084-10	65111-1802085-10	43114-1802084	4310-1802084	65111-1802150-10	Коробка раздаточная	Валы	val-promezhutochnyj-rk-razdatochnoj-korobki-v-sbore-65111-1802084-10	/kamaz-4310/catalog/zapchasti/	339							1			КамАЗ-43261 (Евро-1, 2) 		26 040	завод	18 700	аналог Наб.Челны					/kamaz-4310/img/zap/	65111-1802084-10_2.jpg											0.2	0.2	0.331	23.0			
341	Вилка блокировки дифференциала	4310-1802149	4310-1803020	65111-1802149			Мост передний	Вилки	vilka-blokirovki-differentsiala-4310-1802149	/kamaz-4310/catalog/zapchasti/	341			1	1	1	1	1			КамАЗ-4310, КамАЗ-4326, КамАЗ-43101, КамАЗ-43114, КамАЗ-43118, КамАЗ-53228, 65111, КамАЗ-43261 (Евро-1, 2)		800	завод		аналог Наб.Челны					/kamaz-4310/img/zap/	4310-1802149_2.jpg					Посадочный размер	18 мм.					0,035	0.158	0.104	0.62			
343	Вилка блокировки дифференциала раздаточной коробки	65111-1802149	4310-1802149	4310-1803020			Мост передний	Вилки	vilka-blokirovki-differentsiala-razdatochnoj-korobki-65111-1802149	/kamaz-4310/catalog/zapchasti/	343			1	1	1	1	1	1		КамАЗ-4310, КамАЗ-4326, КамАЗ-43101, КамАЗ-43114, КамАЗ-43118, КамАЗ-53228, 65111, КамАЗ-43261 (Евро-1, 2), КамАЗ-43501		2 110	завод	1 990	аналог Наб.Челны					/kamaz-4310/img/zap/	65111-1802149_2.jpg					Посадочный размер	18 мм.					0.035	0.162	0.11	0.6			
345	Вилка включения передачи РК (раздаточной коробки)	4310-1803020	4310-1803010-10	4310-1804012	4310-1802149	65111-1802149	Коробка раздаточная	Вилки	vilka-vklyucheniya-peredachi-rk-razdatochnoj-korobki-4310-1803020	/kamaz-4310/catalog/zapchasti/	345			1	1	1	1	1	1	1	КамАЗ-4310, КамАЗ-4326, КамАЗ-43101, КамАЗ-43114, КамАЗ-43118, КамАЗ-53228, 65111, КамАЗ-43501 (4х4), КамАЗ-53501 (6х6), КамАЗ-53504 (6х6), КамАЗ-6450 8х8, КамАЗ-63501 8х8, КамАЗ-4350 (4х4), КамАЗ-5350 (6х6), КамАЗ-6350 (8х8), КамАЗ-43261 (Евро-1, 2).		1 390	завод	1 035	аналог Наб.Челны					/kamaz-4310/img/zap/	4310-1803020_2.jpg											0.17	0.04	0.2	0.8			
347	Вкладыш кулака шарнира	4310-2304066	4310-2304065	4310-2304064	4310-2304062	53228-2304065	Мост передний	Вилки	vkladysh-kulaka-sharnira-4310-2304066	/kamaz-4310/catalog/zapchasti/	347			1	1	1	1	1	1		КамАЗ-4310, КамАЗ-43101, КамАЗ-43114, КамАЗ-43118, КамАЗ-4326, КамАЗ-43261 (Евро-1, 2), КамАЗ-4350 (4х4), КамАЗ-43501 (4х4), КамАЗ-53228, 65111	для переднего ведущего моста	1 100	завод		аналог Наб.Челны					/kamaz-4310/img/zap/	4310-2304066_2.jpg	4310-2304066_3.jpg										0.084	0.057	0.122	1.87			
349	Головка подвода воздуха в сборе	4310-3124010	43114-3124010				Подвод воздуха к шинам		golovka-podvoda-vozduha-v-sbore-4310-3124010	/kamaz-4310/catalog/zapchasti/	349	Р620-3124000		1	1	1	1	1	1		КамАЗ-4310, КамАЗ-4326, КамАЗ-43101, КамАЗ-43114, КамАЗ-43118, КамАЗ-43261 (Евро-1, 2)		2 050	завод		аналог Наб.Челны					/kamaz-4310/img/zap/	4310-3124010_2.jpg											0.1	0.04	0.1	0.88			
351	Головка подвода воздуха в сборе	43114-3124010	4310-3124010				Подвод воздуха к шинам		golovka-podvoda-vozduha-v-sbore-43114-3124010	/kamaz-4310/catalog/zapchasti/	351			1	1	1	1	1	1		КамАЗ-43114, КамАЗ-43118, КамАЗ-4326 (каталог 2003г), КамАЗ-43261 (Евро-1, 2)		750	завод		аналог Наб.Челны					/kamaz-4310/img/zap/	43114-3124010_2.jpg											0.1	0.04	0.1	0.88			
353	Диск ведомый в сборе	14.1601130	14.1601094	14.1601090-10	142.1601090		Сцепление		disk-vedomyj-v-sbore-14.1601130	/kamaz-4310/catalog/zapchasti/	353	ТА 14-1601130		1							КамАЗ-4310, КамАЗ-5320, КамАЗ-53212, КамАЗ-5410, КамАЗ-54112, КамАЗ-5511, КамАЗ-55102, ЗИЛ 133ГЯ, УРАЛ-4320, УРАЛ-43202, УРАЛ-5557, КамАЗ-43101, УРАЛ-4420.		2 340	завод		аналог Наб.Челны					/kamaz-4310/img/zap/	14.1601130_2.jpg											0.35	0.05	0.001	0.015	Материал чугун с регламентируемым химическим составом.		
355	Диск ведущий средний (без пружин)	14.1601094	14.1601090-10	142.1601090	14.1601130		Сцепление		disk-vedushchij-srednij-bez-pruzhin-14.1601094	/kamaz-4310/catalog/zapchasti/	355			1	1	1					КамАЗ-4310, КамАЗ-43101, КамАЗ-43114, КамАЗ-4326, КамАЗ-5320, КамАЗ-53212, КамАЗ-53228, 65111, КамАЗ-5410, КамАЗ-54112, КамАЗ-55102, КамАЗ-5511, КамАЗ-65115		2 200	завод		аналог Наб.Челны					/kamaz-4310/img/zap/	14.1601094_2.jpg											0.401	0.025	0.401	13.5	Промежуточный диск сцепления камаз		
357	Диск нажимной (корзина) в сборе	14.1601090-10	142.1601090	14.1601094	14.1601130		Сцепление		disk-nazhimnoj-korzina-v-sbore-14.1601090-10	/kamaz-4310/catalog/zapchasti/	357			1							КамАЗ-4310, КамАЗ-5320, КамАЗ-53212, КамАЗ-5410, КамАЗ-54112, КамАЗ-5511, КамАЗ-55102, ЗИЛ 133ГЯ, УРАЛ-4320, УРАЛ-43202, УРАЛ-5557, КамАЗ-43101, УРАЛ-4420.		6 140	завод		аналог Наб.Челны					/kamaz-4310/img/zap/	14.1601090-10_2.jpg											0.11	0.39	0.001	0.03	Штампованный на ПРЗ кожух, кованные рычаги. Одинарные нажимные пружины.		
359	Диск нажимной (корзина) сцепления с кожухом	142.1601090	14.1601090-10	14.1601094	14.1601130	5320-1609510	Сцепление		disk-nazhimnoj-korzina-stsepleniya-s-kozhuhom-142.1601090	/kamaz-4310/catalog/zapchasti/	359				1	1		1			КамАЗ-4326, КамАЗ-5315, КамАЗ-65115, КамАЗ-5297, КамАЗ-43114, КамАЗ-4326, 740.31-240 (Евро 2), КамАЗ-53228, 65111, КамАЗ-43261 (Евро-1, 2), Д-260.5Е3.		6 400	завод		аналог Наб.Челны					/kamaz-4310/img/zap/	142.1601090_2.jpg											0.412	0.104	0.015	0.08	Штампованный на ПРЗ кожух, кованные рычаги. Двойные нажимные пружины. 		
361	Диск шарнира	4310-2304067	4310-2304066	4310-2304065	4310-2304062		Мост передний		disk-sharnira-4310-2304067	/kamaz-4310/catalog/zapchasti/	361			1	1	1	1	1	1	1	КамАЗ-4310, КамАЗ-4326, КамАЗ-43114, КамАЗ-43118, КамАЗ-53228, 65111,  КамАЗ-53501 (6х6), КамАЗ-53504 (6х6), КамАЗ-6450 8х8, КамАЗ-63501 8х8, КамАЗ-4350 (4х4), КамАЗ-5350 (6х6), КамАЗ-6350 (8х8), КамАЗ-43261 (Евро-1, 2).		1 080	завод		аналог Наб.Челны					/kamaz-4310/img/zap/	4310-2304067_2.jpg											0.098	0.027	0.098	1.56			
363	Дифференциал заднего моста (50 зубьев)	53229-2403011-20	65111-1802150-10	43114-1802150			Редуктор	Диф	differentsial-zadnego-mosta-53229-2403011-20	/kamaz-4310/catalog/zapchasti/	363				1	1	1	1	1	1	КамАЗ-43114, КамАЗ-43118, КамАЗ-4326, КамАЗ-43261 (Евро-1, 2), КамАЗ-4350 (4х4), КамАЗ-43501 (4х4), КамАЗ-53228, 65111, 		31 200	завод	20 300	аналог Наб.Челны					/kamaz-4310/img/zap/	53229-2403011-20_differentsial_zadnego_mosta_v_sbore_2.jpg														42.3	i=7,22		
365	Дифференциал РК (раздаточной коробки) 44 зубьев в сборе	65111-1802150-10	4310-1802150	43114-1802150	65111-1802155-10	65111-1802085-10	Коробка раздаточная	Диф	differentsial-rk-razdatochnoj-korobki-v-sbore-65111-1802150-10	/kamaz-4310/catalog/zapchasti/	365				1	1	1	1	1	1	КамАЗ-43114, КамАЗ-43118, КамАЗ-53228, 65111, КамАЗ-43261 (Евро-1, 2).		78 460	завод	62 350	аналог Наб.Челны					/kamaz-4310/img/zap/	65111-1802150-10_2.jpg											0.24	0.24	0.47	43.6			
367	Дифференциал РК (раздаточной коробки) в сборе	4310-1802150	43114-1802150	65111-1802150-10	43114-1802155	4310-1802085	Коробка раздаточная	Диф	differentsial-rk-razdatochnoj-korobki-v-sbore-4310-1802150	/kamaz-4310/catalog/zapchasti/	367			1							КамАЗ-4310, КамАЗ-43101		52 000	завод		аналог Наб.Челны					/kamaz-4310/img/zap/	4310-1802150_2.jpg											0.24	0.24	0.47	43.6	Дифферинциал 4310-1802150 снят с производства и заменен на 43114-1802152	Установка 43114 вместо 4310 возможна. Дифференциал 43114 отличается от 4310 следующим: разные обоймы дифференциала, отличающиеся способом крепления к шестерни низшей передачи, и вместо шестерни низшей передачи 4310-1802189 установлена 43114 с  измененной ступицей.	
369	Дифференциал РК (раздаточной коробки) в сборе	43114-1802150	4310-1802150	65111-1802150-10	43114-1802155	43114-1802085	Коробка раздаточная	Диф	differentsial-rk-razdatochnoj-korobki-v-sbore-43114-1802150	/kamaz-4310/catalog/zapchasti/	369				1	1	1	1			КамАЗ-43114, КамАЗ-43118, КамАЗ-4326 (каталог 2003г), КамАЗ-53228, 65111, КамАЗ-43261 (Евро-1, 2)		50 000	завод	47 000	аналог Наб.Челны					/kamaz-4310/img/zap/	43114-1802150_2.jpg											0.24	0.24	0.47	43.6		Установка 43114 вместо 4310 возможна. Дифференциал 43114 отличается от 4310 следующим: разные обоймы дифференциала, отличающиеся способом крепления к шестерни низшей передачи, и вместо шестерни низшей передачи 4310-1802189 установлена 43114 с  измененной ступицей.	
371	Картер привода переднего моста в сборе (4310-, 43114-1802230)	43114-1802230	65111-1802230-10	4310-1804012			Коробка раздаточная		karter-privoda-perednego-mosta-v-sbore-4310-1802230	/kamaz-4310/catalog/zapchasti/	371			1	1	1	1	1	1		КамАЗ-4310, КамАЗ-43101, КамАЗ-43114, КамАЗ-43118, КамАЗ-4326, КамАЗ-43261 (Евро-1, 2), КамАЗ-53228, 65111, 		27 000	завод		аналог Наб.Челны					/kamaz-4310/img/zap/												0.215	0.28	0.452	17.5			
373	Картер привода переднего моста в сборе	65111-1802230-10	43114-1802230	4310-1804012			Коробка раздаточная		karter-privoda-perednego-mosta-v-sbore-65111-1802230-10	/kamaz-4310/catalog/zapchasti/	373							1	1	1	КамАЗ-43261 (Евро-1, 2) , КамАЗ-4350 (4х4), КамАЗ-43501 (4х4) 		24 540	завод	24 060	аналог Наб.Челны					/kamaz-4310/img/zap/												0.28	0.28	0.486	17.5			
375	Колеса зубчатые ведущее и ведомое конические (комплект после спаривания)	4310-2502020	4310-1802034	4310-1802189			Мост средний		kolesa-zubchatye-vedushchee-i-vedomoe-konicheskie-komplekt-posle-sparivaniya-4310-2502020	/kamaz-4310/catalog/zapchasti/	375			1	1	1	1	1			КамАЗ-4310, КамАЗ-43101, КамАЗ-4326, КамАЗ-43261 (Евро-1, 2), КамАЗ-5320, КамАЗ-53212, КамАЗ-5410, КамАЗ-54112, КамАЗ-55102, КамАЗ-5511		9 060	завод	8 885	аналог Наб.Челны					/kamaz-4310/img/zap/	4310-2502020_2.jpg											0.23	0.185	0.23	11.6	Пара коническая КАМАЗ среднего моста	Комплект конических шестерен СМ	
377	Кольцо упорное	4310-2304129	4310-2304065	4310-2304064			Мост передний		koltso-upornoe-4310-2304129	/kamaz-4310/catalog/zapchasti/	377			1	1	1	1	1	1	1	КамАЗ-4310, КамАЗ-4326, КамАЗ-43101, КамАЗ-43114, КамАЗ-43118, КамАЗ-53228, 65111, КамАЗ-43501 (4х4), КамАЗ-53501 (6х6), КамАЗ-6450 8х8, КамАЗ-63501 8х8, КамАЗ-43261 (Евро-1, 2).		226	завод		аналог Наб.Челны					/kamaz-4310/img/zap/	4310-2304129_2.jpg											0.128	0.01	0.128	0.45			
379	Корпус крана управления РК (раздаточной коробки)	4310-1804012	4310-1803020	4310-2304064			Коробка раздаточная		korpus-krana-upravleniya-rk-razdatochnoj-korobki-4310-1804012	/kamaz-4310/catalog/zapchasti/	379				1	1	1	1	1	1	КамАЗ-43114, КамАЗ-43118, КамАЗ-4326, КамАЗ-43261 (Евро-1, 2), КамАЗ-4350 (4х4), КамАЗ-43501 (4х4), КамАЗ-53228, 65111, 		1 000	завод		аналог Наб.Челны					/kamaz-4310/img/zap/	4310-1804012_kran-upravleniya-razdatkoy-kamaz_2.jpg											0.055	0.09	0.1	0.3			
381	Кулак разжимной левый	43114-3501111	43114-3501110	4310-2304062	4310-2304064	4310-2304065	Мост передний	Кулаки	kulak-razzhimnoj-levyj-43114-3501111	/kamaz-4310/catalog/zapchasti/	381				1	1	1	1	1	1	КамАЗ-43114, КамАЗ-43118, КамАЗ-4326, КамАЗ-53228, 65111, КамАЗ-43501 (4х4), КамАЗ-53501 (6х6), КамАЗ-53504 (6х6), КамАЗ-6450 8х8, КамАЗ-63501 8х8, КамАЗ-4350 (4х4), КамАЗ-5350 (6х6), КамАЗ-6350 (8х8), КамАЗ-43261 (Евро-1, 2).		1 130	завод	980	аналог Наб.Челны					/kamaz-4310/img/zap/	43114-3501111_2.jpg					Производитель	Кнорр-Бремзе КАМА					0.11	0.07	0.35	3.45	L=350мм	(ВЗАМЕН 4310-3501111)	
383	Кулак разжимной правый	43114-3501110	43114-3501111	4310-2304062	4310-2304065	4310-2304064	Мост передний	Кулаки	kulak-razzhimnoj-pravyj-43114-3501110	/kamaz-4310/catalog/zapchasti/	383				1	1	1	1	1	1	КамАЗ-43114, КамАЗ-43118, КамАЗ-4326, КамАЗ-53228, 65111, КамАЗ-43501 (4х4), КамАЗ-53501 (6х6), КамАЗ-53504 (6х6), КамАЗ-6450 8х8, КамАЗ-63501 8х8, КамАЗ-4350 (4х4), КамАЗ-5350 (6х6), КамАЗ-6350 (8х8), КамАЗ-43261 (Евро-1, 2).		1 120	завод	980	аналог Наб.Челны					/kamaz-4310/img/zap/	43114-3501110_2.jpg					Производитель	Кнорр-Бремзе КАМА					0.11	0.07	0.35	3.45	L=350мм	(ВЗАМЕН 4310-3501110)	
385	Кулак шарнира внутрений левый (20 шлицов)	53228-2304065	53228-2304064	4310-2304065	43114-3501111	43114-3501110	Мост передний	Кулаки	kulak-sharnira-vnutrenij-levyj-53228-2304065	/kamaz-4310/catalog/zapchasti/	385				1	1	1	1	1	1	КамАЗ-43114, КамАЗ-43118, КамАЗ-4326, КамАЗ-53228, 65111, КамАЗ-43501 (4х4), КамАЗ-53501 (6х6), КамАЗ-53504 (6х6), КамАЗ-6450 8х8, КамАЗ-63501 8х8, КамАЗ-4350 (4х4), КамАЗ-5350 (6х6), КамАЗ-6350 (8х8), КамАЗ-43261 (Евро-1, 2).	шарнира переднего моста	6 810	завод	4 920	аналог Наб.Челны					/kamaz-4310/img/zap/	53228-2304065_2.jpg											0.102	0.08	0.591	10.28			
387	Кулак шарнира внутренний левый (16 шлицов)	4310-2304065	4310-2304064	4310-2304062	53228-2304065	53228-2304064	Мост передний	Кулаки	kulak-sharnira-vnutrennij-levyj-4310-2304065	/kamaz-4310/catalog/zapchasti/	387			1	1						КамАЗ-4310, КамАЗ-4326, КамАЗ-43101	Левая внутренняя полуось переднего моста	9 450	завод	4 650	аналог Наб.Челны					/kamaz-4310/img/zap/	4310-2304065_2.jpg											0.102	0.08	0.609	10.27			
389	Кулак шарнира внутренний правый (длинный, 20 шлицов)	53228-2304064	53228-2304065	4310-2304064	43114-3501111	43114-3501110	Мост передний	Кулаки	kulak-sharnira-vnutrennij-pravyj-53228-2304064	/kamaz-4310/catalog/zapchasti/	389				1	1	1	1	1	1	КамАЗ-43114, КамАЗ-43118, КамАЗ-53228, 65111, КамАЗ-43501 (4х4), КамАЗ-53501 (6х6), КамАЗ-53504 (6х6), КамАЗ-6450 8х8, КамАЗ-63501 8х8, КамАЗ-4350 (4х4), КамАЗ-5350 (6х6), КамАЗ-6350 (8х8), КамАЗ-43261 (Евро-1, 2).		9 530	завод	5 800	аналог Наб.Челны					/kamaz-4310/img/zap/	53228-2304064_2.jpg											0.08	0.102	1.027	16.31			
391	Кулак шарнира внутренний правый (длинный, 16 шлицов))	4310-2304064	4310-2304065	4310-2304062	53228-2304065	53228-2304064	Мост передний	Кулаки	kulak-sharnira-vnutrennij-pravyj-4310-2304064	/kamaz-4310/catalog/zapchasti/	391			1	1						КамАЗ-4310, КамАЗ-4326, КамАЗ-43101		9 180	завод	5 610	аналог Наб.Челны					/kamaz-4310/img/zap/	4310-2304064_2.jpg											0.08	0.102	1.025	16.31			
393	Кулак шарнира переднего моста наружный	4310-2304062	4310-2304064	4310-2304065	43114-3501111	43114-3501110	Мост передний	Кулаки	kulak-sharnira-perednego-mosta-naruzhnyj-4310-2304062	/kamaz-4310/catalog/zapchasti/	393			1	1	1	1	1	1	1	КамАЗ-4310, КамАЗ-43101, КамАЗ-43114, КамАЗ-43118, КамАЗ-4326, КамАЗ-43261 (Евро-1, 2), КамАЗ-4350 (4х4), КамАЗ-43501 (4х4), КамАЗ-53228, 65111		5 960	завод	3 774	аналог Наб.Челны					/kamaz-4310/img/zap/	4310-2304062_2.jpg											0.08	0.104	0.313	6.505			
395	Механизм включения высшей передачи	43114-1803012	43114-1803012-10	43114-1803010	4310-1803010-10		Коробка раздаточная		mehanizm-vklyucheniya-vysshej-peredachi-43114-1803012	/kamaz-4310/catalog/zapchasti/	395				1	1	1	1	1		КамАЗ-4326, КамАЗ-43114, КамАЗ-43118, КамАЗ-4326 (каталог 2003г), КамАЗ-53228, 65111, КамАЗ-43261 (Евро-1, 2).		5 200	завод	4 760	аналог Наб.Челны					/kamaz-4310/img/zap/	43114-1803012_2.jpg											0.1	0.1	0.48	2.2			
397	Механизм включения высшей передачи РК (раздаточной коробки)	65111-1803012	65111-1803010	43114-1803012-10	43114-1803010		Коробка раздаточная		mehanizm-vklyucheniya-vysshej-peredachi-rk-razdatochnoj-korobki-65111-1803012	/kamaz-4310/catalog/zapchasti/	397							1	1	1	КамАЗ-43501 (4х4), КамАЗ-53501 (6х6), КамАЗ-53504 (6х6), КамАЗ-6450 8х8, КамАЗ-63501 8х8, КамАЗ-4350 (4х4), КамАЗ-5350 (6х6), КамАЗ-6350 (8х8), КамАЗ-43261 (Евро-1, 2).		4 265	завод		аналог Наб.Челны					/kamaz-4310/img/zap/	65111-1803012_2.jpg											0.15	0.15	0.45	2.0			
399	Механизм включения высшей передачи РК (раздаточной коробки) в сборе 43114/4310	43114-1803012-10	43114-1803010	43114-1803012	4310-1803010-10	65111-1803012	Коробка раздаточная		mehanizm-vklyucheniya-vysshej-peredachi-rk-razdatochnoj-korobki-v-sbore-4310-1803012-10	/kamaz-4310/catalog/zapchasti/	399					1	1	1			КамАЗ-43114, КамАЗ-43118, КамАЗ-4326, КамАЗ-43261 (Евро-1, 2), КамАЗ-4350 (4х4), КамАЗ-43501 (4х4), КамАЗ-53228, 65111, 		4 600	завод		аналог Наб.Челны					/kamaz-4310/img/zap/	4310-1803012-10_2.jpg											0.1	0.1	0.5	1.91		Механизмы 43114-1803012 и 4310-1803012-10 включения высшей передачи НЕ взаимозаменяемы.	
401	Механизм включения низшей передачи РК (раздаточной коробки) в сборе	43114-1803010	43114-1803012-10	43114-1803012	4310-1803010-10	65111-1803010	Коробка раздаточная		mehanizm-vklyucheniya-nizshej-peredachi-rk-razdatochnoj-korobki-v-sbore-43114-1803010	/kamaz-4310/catalog/zapchasti/	401				1	1	1	1			КамАЗ-4326, КамАЗ-43114, КамАЗ-43118, КамАЗ-53228, 65111, КамАЗ-43261 (Евро-1, 2).		4 435	завод		аналог Наб.Челны					/kamaz-4310/img/zap/	43114-1803010_2.jpg											0.1	0.1	0.45	2.0			
403	Механизм включения низшей передачи РК (раздаточной коробки) в сборе	4310-1803010-10	4310-1804012	43114-1803010	43114-1803012-10		Коробка раздаточная		mehanizm-vklyucheniya-nizshej-peredachi-rk-razdatochnoj-korobki-v-sbore-4310-1803010-10	/kamaz-4310/catalog/zapchasti/	403			1	1						КамАЗ-4310, КамАЗ-4326, КамАЗ-43101		4 450	завод		аналог Наб.Челны					/kamaz-4310/img/zap/												0.1	0.1	0.45	2.0			
405	Механизм включения низшей передачи РК (раздаточной коробки) в сборе	65111-1803010	65111-1803012	43114-1803012-10	43114-1803010	4310-1803010-10	Коробка раздаточная		mehanizm-vklyucheniya-nizshej-peredachi-rk-razdatochnoj-korobki-v-sbore-65111-1803010	/kamaz-4310/catalog/zapchasti/	405							1	1	1	КамАЗ-43501 (4х4), КамАЗ-53501 (6х6), КамАЗ-53504 (6х6), КамАЗ-6450 8х8, КамАЗ-63501 8х8, КамАЗ-4350 (4х4), КамАЗ-5350 (6х6), КамАЗ-6350 (8х8), КамАЗ-43261 (Евро-1, 2).		4 300	завод		аналог Наб.Челны					/kamaz-4310/img/zap/	65111-1803010_2.jpg											0.08	0.08	0.45	2.15			
407	Муфта блокировки дифференциала	4310-1802148	65111-1802148	43114-1802155	4310-1802150		Мост передний		mufta-blokirovki-differentsiala-4310-1802148	/kamaz-4310/catalog/zapchasti/	407			1	1	1	1	1			КамАЗ-4310, КамАЗ-4326, КамАЗ-43101, КамАЗ-43114, КамАЗ-43118, КамАЗ-53228, 65111, КамАЗ-43261 (Евро-1, 2).		1 750	завод	485	аналог Наб.Челны					/kamaz-4310/img/zap/	4310-1802148_2.jpg											0.09	0.09	0.03	0.78			
409	Муфта блокировки дифференциала	65111-1802148	4310-1802148	65111-1802155-10	65111-1802150-10		Мост передний		mufta-blokirovki-differentsiala-65111-1802148	/kamaz-4310/catalog/zapchasti/	409							1	1	1	КамАЗ-43501 (4х4), КамАЗ-53501 (6х6), КамАЗ-53504 (6х6), КамАЗ-6450 8х8, КамАЗ-63501 8х8, КамАЗ-43261 (Евро-1, 2).		1 710	завод	550	аналог Наб.Челны					/kamaz-4310/img/zap/	65111-1802148_2.jpg											0.1	0.04	0.1	0.93			
411	Обойма дифференциала РК (раздаточной коробки) с сателлитами	43114-1802155	65111-1802155-10	43114-1802150	43114-1802084	6520-2502036	Коробка раздаточная		obojma-differentsiala-rk-razdatochnoj-korobki-s-satellitami-43114-1802155	/kamaz-4310/catalog/zapchasti/	411				1	1	1	1			КамАЗ-43114, КамАЗ-43118, КамАЗ-4326, КамАЗ-43261 (Евро-1, 2), КамАЗ-53228, 65111		23 800	завод		аналог Наб.Челны					/kamaz-4310/img/zap/	43114-1802155_2.jpg											0.241	0.241	0.306	23.0			
413	Обойма дифференциала РК (раздаточной коробки) с сателлитами	65111-1802155-10	43114-1802155	65111-1802150-10	65111-1802084-10	6520-2502036	Коробка раздаточная		obojma-differentsiala-rk-razdatochnoj-korobki-s-satellitami-65111-1802155-10	/kamaz-4310/catalog/zapchasti/	413							1			КамАЗ-43261 (Евро-1, 2).		45 060	завод	38 550	аналог Наб.Челны					/kamaz-4310/img/zap/	65111-1802155-10_2.jpg											0.241	0.241	0.306	23.0			
415	Опора шаровая поворотного кулака с шкворнями в сборе	4310-2304012	4310-2304066	5320-3001019	53205-3001019-10		Мост передний		opora-sharovaya-povorotnogo-kulaka-s-shkvornyami-v-sbore-4310-2304012	/kamaz-4310/catalog/zapchasti/	415			1	1	1	1	1	1	1	КамАЗ-4310, КамАЗ-43101, КамАЗ-43114, КамАЗ-43118, КамАЗ-4326, КамАЗ-43261 (Евро-1, 2), КамАЗ-4350 (4х4), КамАЗ-43501 (4х4), КамАЗ-53228, 65111		23 440	завод		аналог Наб.Челны					/kamaz-4310/img/zap/	4310-2304012_2.jpg											0.214	0.284	0.31	18.5			
417	Полуось левая	43118-2403069	43118-2403070	53205-2403050			Мост задний		poluos-levaya-43118-2403069	/kamaz-4310/catalog/zapchasti/	417					1	1	1	1	1	КамАЗ-43114, КамАЗ-43118, КамАЗ-4326 (каталог 2003г), КамАЗ-43501 (4х4), КамАЗ-53501 (6х6), КамАЗ-53504 (6х6), КамАЗ-6450 8х8, КамАЗ-63501 8х8, КамАЗ-4350 (4х4), КамАЗ-5350 (6х6), КамАЗ-6350 (8х8), КамАЗ-43261 (Евро-1, 2).		11 360	завод		аналог Наб.Челны					/kamaz-4310/img/zap/	43118-2403069_2.jpg											0.191	0.191	1.288	24			
419	Полуось правая	43118-2403070	43118-2403069	53205-2403050			Мост задний		poluos-pravaya-43118-2403070	/kamaz-4310/catalog/zapchasti/	419				1	1	1	1			КамАЗ-43114, КамАЗ-43118, КамАЗ-4326, КамАЗ-43501 (4х4), КамАЗ-53501 (6х6), КамАЗ-53504 (6х6), КамАЗ-6450 8х8, КамАЗ-63501 8х8, КамАЗ-4350 (4х4), КамАЗ-5350 (6х6), КамАЗ-6350 (8х8), КамАЗ-43261 (Евро-1, 2).		9 880	завод		аналог Наб.Челны					/kamaz-4310/img/zap/	43118-2403070_2.jpg											0.19	0.19	43922	19.88			
421	Синхронизатор 4-й и 5-й передач в сборе	14.1701151	142.1701151	15.1770160	152.1770160		Коробка передач	синхронизаторы	sinhronizator-4-j-i-5-j-peredach-v-sbore-14.1701151	/kamaz-4310/catalog/zapchasti/	421			1	1						КамАЗ-4310, КамАЗ-4326, КамАЗ-5315, КамАЗ-5320, КамАЗ-53212, КамАЗ-5410, КамАЗ-54112, КамАЗ-5511, КамАЗ-55102, КамАЗ-65115, ЗИЛ 133ГЯ, УРАЛ-4320, УРАЛ-43202, УРАЛ-5557, КамАЗ-43101, УРАЛ-4420.	Применяется для КП моделей 14,15, также в ограниченных комплектациях КП 141.	4 100	завод		аналог Наб.Челны					/kamaz-4310/img/zap/	14.1701151_2.jpg	14.1701151_3.jpg										0.19	0.072	0.025	0.16	Синхронизатор изготавливается из высокопрочных легированных сталей, кроме фрикционных колец, которые изготовлены из латуни. Допускается замена на синхронизатор 142.1701151 с одновременной установкой в КП первичного вала 142.1701027 (или 142.1701025), шестерни пятой передачи 142.1701115. Рекомендуется одновременно установить вторичный вал 142.1701105.		
423	Синхронизатор 4-й и 5-й передач в сборе	142.1701151	14.1701151	15.1770160	152.1770160		Коробка передач	синхронизаторы	sinhronizator-4-j-i-5-j-peredach-v-sbore-142.1701151	/kamaz-4310/catalog/zapchasti/	423					1	1	1	1	1	КамАЗ-43114, КамАЗ-43118, КамАЗ-4326 (каталог 2003г), КамАЗ-4308, 740.31-240 (Евро 2), КамАЗ-53228, 65111, КамАЗ-43261 (Евро-1, 2), КамАЗ-6540, 		5 690	завод		аналог Наб.Челны					/kamaz-4310/img/zap/	142.1701151_2.jpg											0.186	0.072	0.186	5.2			
425	Синхронизатор делителя КПП (с/сбор)	15.1770160	14.1701151	142.1701151	152.1770160		Коробка передач	синхронизаторы	sinhronizator-delitelya-kpp-ssbor-15.1770160	/kamaz-4310/catalog/zapchasti/	425							1			КамАЗ-5315, КамАЗ-5320, КамАЗ-53212, КамАЗ-5410, КамАЗ-54112, КамАЗ-5511, КамАЗ-55102		3 000	завод		аналог Наб.Челны					/kamaz-4310/img/zap/	15.1770160_2.jpg											0.187	0.087	0.187	5.3			
427	Синхронизатор делителя передач КПП	152.1770160	15.1770160	142.1701151	14.1701151		Коробка передач	синхронизаторы	sinhronizator-delitelya-peredach-kpp-152.1770160	/kamaz-4310/catalog/zapchasti/	427						1	1			КамАЗ-65115, КамАЗ-6540, КамАЗ-43118, 740.31-240 (Евро 2), КамАЗ-43261 (Евро-1, 2).		3 450	завод		аналог Наб.Челны					/kamaz-4310/img/zap/	152.1770160_2.jpg											0.2	0.1	0.2	5.35	Синхронизатор делителя передач в сборе 152.1770160. Устанавливается в модели КП 152 различных комплектаций. Допускается устанавливать вместо синхронизатора 15.1770160 в моделях КП 15.		
429	Ступица колеса (голый)	43114-3103015-20	4310-2304090	4310-2502020			Мост передний		stupitsa-kolesa-golyj-43114-3103015-10	/kamaz-4310/catalog/zapchasti/	429			1	1						КамАЗ-4310, КамАЗ-4326, КамАЗ-43101		3 800	завод		аналог Наб.Челны					/kamaz-4310/img/zap/	43114-3103015-10_2.jpg											0.32	0.25	0.32	55.5	Ступица представляет собой отливку из высокопрочного чугуна с фланцем для крепления колес, посадочными местами под подшипники, манжету и ротор датчика скорости. Предназначена под дисковые колеса		
431	Усилитель пневмогидравлический ПГУ сцепления в сборе	5320-1609510	142.1601090	142.1700109 (106) MFZ	14.1601090-10	14.1601094	Сцепление		usilitel-pnevmogidravlicheskij-pgu-stsepleniya-v-sbore-5320-1609510	/kamaz-4310/catalog/zapchasti/	431			1	1	1	1	1			КамАЗ-4310, КамАЗ-4326, КамАЗ-5315, КамАЗ-5320, КамАЗ-53212, КамАЗ-5410, КамАЗ-54112, КамАЗ-5511, КамАЗ-55102, КамАЗ-65115, КамАЗ-5297, КамАЗ-43101, КамАЗ-6540, КамАЗ-43114, КамАЗ-43118, КамАЗ-4326, КамАЗ-53228, 65111, КамАЗ-43261 (Евро-1, 2), МАЗ-555142.		6 160	завод		аналог Наб.Челны					/kamaz-4310/img/zap/	5320-1609510_2.jpg											0.245	0.139	0.03	0.51	Пневмогидроусилитель 5320-1609510 имеет чугунный корпус и алюминиевую заднюю крышку.		
433	Фланец ведущего вала (круглый, Евро)	53205-2402036	53205-2402036	5320-2402036	6520-2502036		Мост передний	Фланец	flanets-vedushchego-vala-kruglyj-evro-53205-2402036	/kamaz-4310/catalog/zapchasti/	433										КамАЗ-65115, КамАЗ-6540, КамАЗ-43114, КамАЗ-43118, КамАЗ-4326 (каталог 2003г), КамАЗ-53228, 65111, КамАЗ-65116, КамАЗ-43501 (4х4), КамАЗ-53501 (6х6), КамАЗ-53504 (6х6), КамАЗ-6450 8х8, КамАЗ-63501 8х8, КамАЗ-4350 (4х4), КамАЗ-5350 (6х6), КамАЗ-6350 (8х8), КамАЗ-4308 (2008), КамАЗ-43261 (Евро-1, 2).		2 060	завод	1 133	аналог Наб.Челны					/kamaz-4310/img/zap/	53205-2402036_2.jpg											0.15	0.085	0.15	2.66			
435	Фланец ведущего вала в сборе заднего моста	5320-2402036	53205-2402036	53205-2402036	6520-2502036		Мост задний	Фланец	flanets-vedushchego-vala-v-sbore-zadnego-mosta-5320-2402036	/kamaz-4310/catalog/zapchasti/	435			1	1	1	1	1			КамАЗ-4310, КамАЗ-4326, КамАЗ-5320, КамАЗ-53212, КамАЗ-5410, КамАЗ-54112, КамАЗ-5511, КамАЗ-55102, КамАЗ-65115, КамАЗ-43101, КамАЗ-43114, КамАЗ-43118.		1 170	завод	440	аналог Наб.Челны					/kamaz-4310/img/zap/	5320-2402036_2.jpg											0.12	0.083	0.1				
437	Фланец ведущего вала РК переднего моста	53205-2402036	53205-2402036	5320-2402036	6520-2502036	6520-2502037	Мост передний	Фланец	flanets-vedushchego-vala-rk-perednego-mosta-53205-2402036	/kamaz-4310/catalog/zapchasti/	437				1	1	1	1			КамАЗ-43114, КамАЗ-43118, КамАЗ-4326 (каталог 2003г), КамАЗ-53228, 65111, КамАЗ-65116, КамАЗ-43501 (4х4), КамАЗ-53501 (6х6), КамАЗ-53504 (6х6), КамАЗ-6450 8х8, КамАЗ-63501 8х8, КамАЗ-4350 (4х4), КамАЗ-5350 (6х6), КамАЗ-6350 (8х8), КамАЗ-4308 (2008), КамАЗ-43261 (Евро-1, 2).		2 060	завод	1 133	аналог Наб.Челны					/kamaz-4310/img/zap/	53205-2402036-2_2.jpg											0.15	0.085	0.15	2.66			
439	Фланец ведущий сред. и зад/моста -6520,-6460	6520-2502036	4310-1802150	43114-1802150	4310-1802150	6520-2502037	Коробка раздаточная	Фланец	flanets-vedushchij-sred-i-zad-mosta_6520-2502036	/kamaz-4310/catalog/zapchasti/	439							1	1	1	КамАЗ-43261 (Евро-1, 2), КамАЗ-4350 (4х4), КамАЗ-43501 (4х4), КамАЗ-5297, КамАЗ-5460 (каталог 2005 г.), КамАЗ-6460, КамАЗ-6520, КамАЗ-6520 (Euro-2, 3), КамАЗ-6522, КамАЗ-65226	задний мост и передний мост	2 820	завод	1 925	аналог Наб.Челны					/kamaz-4310/img/zap/	6520-2502036_2.jpg											0.18	0.075	0.18	3.56	На 036 два пыльника и ставятся на вход,на 037 один пыльник на выход. Все остальное идентично.	Фланец ведущего вала ЗМ и ПМ КамАЗ-6520, 1 маслоотражатель	
443	Фланец ведущий ступицы переднего колеса	4310-2304090	43114-3103015-20	43114-3103015-20	6520-2502037	Фланец ведущего вала РК переднего моста	Мост передний	Фланец	flanets-vedushchij-stupitsy-perednego-kolesa-4310-2304090	/kamaz-4310/catalog/zapchasti/	443			1	1	1	1	1	1	1	КамАЗ-4310, КамАЗ-43101, КамАЗ-43114, КамАЗ-43118, КамАЗ-4326, КамАЗ-43261 (Евро-1, 2), КамАЗ-4350 (4х4), КамАЗ-43501 (4х4), КамАЗ-53228, 65111		1 830	завод	1 210	аналог Наб.Челны					/kamaz-4310/img/zap/	4310-2304090_2.jpg																	
445	Фланец КамАЗ-6520,6460 ведущий среднего моста	6520-2502037	4310-2304090	53205-2402036	6520-2502036	53205-2402036	Мост средний	Фланец	flanets-kamaz-65206460-vedushchij-srednego-mosta-6520-2502037	/kamaz-4310/catalog/zapchasti/	445							1	1	1	КамАЗ-6460, КамАЗ-6520, КамАЗ-6522, Мосты КамАЗ-6522, КамАЗ-6520 (Euro-2, 3), КамАЗ-6522 (Euro-2, 3), КамАЗ-65226.	задний мост и передний мост	2 930	завод	1 925	аналог Наб.Челны					/kamaz-4310/img/zap/	6520-2502037_2.jpg											0.18	0.075	0.18	3.56	На 036 два пыльника и ставятся на вход,на 037 один пыльник на выход. Все остальное идентично.	Фланец ведущего вала ЗМ и ПМ КамАЗ-6520, 1 маслоотражатель	
449	Фланец КПП 240 круглый (8 отв.) 	152.1701240	14.1701130				Коробка передач	Фланец	flanets-kpp-kruglyj-152.1701240	/kamaz-4310/catalog/zapchasti/	449									1	КамАЗ-5315, КамАЗ-5320, КамАЗ-53212, КамАЗ-5410, КамАЗ-54112, КамАЗ-5511, КамАЗ-55102, КамАЗ-5297, 740.11-240, 740.31-240 (2006).	КамАЗ КПП-14, 15	3 020	завод		аналог Наб.Челны					/kamaz-4310/img/zap/	152.1701240_2.jpg											0.205	0.082	0.205	3.5			
451	Цапфа левая в сборе 43114/4310	4310-2401081	4310-2401080	43114-2401081	4310-2304081	4310-2401080	Подвод воздуха к шинам		tsapfa-levaya-v-sbore-4310-2401081	/kamaz-4310/catalog/zapchasti/	451			1	1	1	1	1	1		КамАЗ-4310, КамАЗ-43101, КамАЗ-43114, КамАЗ-43118, КамАЗ-4326, КамАЗ-43261 (Евро-1, 2), КамАЗ-4350 (4х4), КамАЗ-43501 (4х4)		8 000	завод		аналог Наб.Челны					/kamaz-4310/img/zap/	4310-2401081_2.jpg											0.275	0.275	0.227	12.56	 Цапфа заднего моста КамАЗ-43261 (Евро-1, 2)		
453	Цапфа заднего моста левая в сборе	43114-2401081	43114-2401080	4310-2401081	43114-2304081	43114-2401080	Подвод воздуха к шинам		tsapfa-levaya-v-sbore-43114-2401081	/kamaz-4310/catalog/zapchasti/	453					1	1	1	1		КамАЗ-43118 (Евро 4), КамАЗ-43261 (Евро-1, 2), КамАЗ-43501 (4х4), КамАЗ-43501 (4х4)	заднего моста	8 090	завод		аналог Наб.Челны					/kamaz-4310/img/zap/	43114-2401081_2.jpg											0.25	0.25	0.25	12.5		Цапфа заднего моста левая У цапфу 43114-2401081 и 43114-2304079 - одинаковые голые цапфы 43114-2304084/85. Остальные детали различаются. 	
455	Цапфа поворотного кулака в сборе	4310-2304080	4310-2304081	4310-2401081	4310-2304081	4310-2401080	Подвод воздуха к шинам		tsapfa-povorotnogo-kulaka-v-sbore-4310-2304080	/kamaz-4310/catalog/zapchasti/	455			1	1	1	1	1	1	1	КамАЗ-4310, КамАЗ-43101, КамАЗ-43114, КамАЗ-43118, КамАЗ-4326, КамАЗ-43261 (Евро-1, 2), КамАЗ-4350 (4х4), КамАЗ-43501 (4х4), КамАЗ-53228, 65111	для переднего ведущего моста автомобиля	8 000	завод		аналог Наб.Челны					/kamaz-4310/img/zap/	4310-2304080_2.jpg											0.24	0.22	0.22	10		Цапфа кулака поворотного КАМАЗ-4310,43114 правая (ПАО КАМАЗ). Цапфа - ось заднего колеса автомобиля.	
457	Цапфа поворотного кулака в сборе	43114-2304080	43114-2304081	4310-2304080	43114-2401081	43114-2401080	Подвод воздуха к шинам		tsapfa-povorotnogo-kulaka-v-sbore-43114-2304080	/kamaz-4310/catalog/zapchasti/	457							1	1	1	КамАЗ-43501 (4х4), КамАЗ-53501 (6х6), КамАЗ-53504 (6х6), КамАЗ-6450 8х8, КамАЗ-63501 8х8, КамАЗ-43261 (Евро-1, 2).		9 000	завод	8 835	аналог Наб.Челны					/kamaz-4310/img/zap/	43114-2304080_2.jpg											0.22	0.22	0.22	10		Цапфа правая КамАЗ-43114, 43118, 4326	
459	Цапфа поворотного кулака левая в сборе	4310-2304081	4310-2304080	4310-2401080	4310-2401081	43114-2304081	Подвод воздуха к шинам		tsapfa-povorotnogo-kulaka-v-sbore-4310-2304081	/kamaz-4310/catalog/zapchasti/	459			1	1	1	1	1	1	1	КамАЗ-4310, КамАЗ-43101, КамАЗ-43114, КамАЗ-43118, КамАЗ-4326, КамАЗ-43261 (Евро-1, 2), КамАЗ-4350 (4х4), КамАЗ-43501 (4х4), КамАЗ-53228, 65111, КамАЗ-6450	ось передняя	9 000	завод	8 835	аналог Наб.Челны					/kamaz-4310/img/zap/	4310-2304080_2.jpg											0.25	0.239	0.252	13.2			
461	Цапфа поворотного кулака левая в сборе	43114-2304081	43114-2304080	4310-2304081	43114-2401081	43114-2401080	Подвод воздуха к шинам		tsapfa-povorotnogo-kulaka-v-sbore-43114-2304081	/kamaz-4310/catalog/zapchasti/	461							1	1	1	КамАЗ-43501 (4х4), КамАЗ-53501 (6х6), КамАЗ-53504 (6х6), КамАЗ-6450 8х8, КамАЗ-63501 8х8, КамАЗ-43261 (Евро-1, 2)	ось передняя	9 000	завод	8 835	аналог Наб.Челны					/kamaz-4310/img/zap/	43114-2304081_2.jpg											0.25	0.239	0.252	13.2		431142304081 Цапфа левая КамАЗ-43114, 43118 ,4326	
463	Цапфа поворотного кулака правая в сборе	4310-2401080	4310-2401081	4310-2304081	4310-2304080	4310-2401081	Подвод воздуха к шинам		tsapfa-povorotnogo-kulaka-pravaya-v-sbore-4310-2401080	/kamaz-4310/catalog/zapchasti/	463			1	1	1	1	1	1	1	КамАЗ-4310, КамАЗ-43101, КамАЗ-43114, КамАЗ-43118, КамАЗ-4326, КамАЗ-43261 (Евро-1, 2), КамАЗ-4350 (4х4), КамАЗ-43501 (4х4), КамАЗ-53228, 65111, КамАЗ-6450	 ось заднего колеса автомобиля.	8 090	завод		аналог Наб.Челны					/kamaz-4310/img/zap/	4310-2401080_2.jpg											0.25	0.239	0.252	13.2	в сборе, с головкой подвода воздуха	Произошла замена шланга с 4310-3125050-20 на 5320-3125060-20 и замена штуцера с 4310-3124065 на 4310-3124066.	
465	Цапфа поворотного кулака правая в сборе	43114-2401080	43114-2401081	4310-2401080	43114-2304081	43114-2401081	Подвод воздуха к шинам		tsapfa-povorotnogo-kulaka-pravaya-v-sbore-43114-2401080	/kamaz-4310/catalog/zapchasti/	465							1	1	1	КамАЗ-43501 (4х4), КамАЗ-53501 (6х6), КамАЗ-53504 (6х6), КамАЗ-6450 8х8, КамАЗ-63501 8х8, КамАЗ-43261 (Евро-1, 2)	 ось заднего колеса автомобиля.	8 090	завод		аналог Наб.Челны					/kamaz-4310/img/zap/	4310-2401080_2.jpg											0.25	0.239	0.252	13.2	в сборе, с головкой подвода воздуха	Произошла замена шланга с 4310-3125050-20 на 5320-3125060-20 и замена штуцера с 4310-3124065 на 4310-3124066.	
467	Чашка МОД межосевого дифференциала задняя	5320-2506019	5320-2402120-40	5320-2402120-10	5320-2502017		Мост задний		chashka-mod-mezhosevogo-differentsiala-zadnyaya-5320-2506019	/kamaz-4310/catalog/zapchasti/	467					1	1	1	1	1	КамАЗ-43118, КамАЗ-43501, КамАЗ-5320, КамАЗ-53501, КамАЗ-5410, КамАЗ-6450, КамАЗ-6540	средний (промежуточный) мост	9 000	завод		аналог Наб.Челны					/kamaz-4310/img/zap/	5320-2506019_2.jpg											0.157	0.157	0.261	7.1		Чашки 5320-2506016 и 53205-2506016 внешне отличаются только отверстиями для смазки. На 5320 они расположены радиально. На задней чашке 53205-2506019 отверстий не предусмотрено. Комплекты по установочным размерам идентичны. Вместо 5320 можно установить 53205.	
469	Шестерня ведомая цилиндрическая 47 зубьев	5320-2402120-40	5320-2402120-10	5320-2402120-10			Мост передний	Шестерни	shesternya-vedomaya-tsilindricheskaya-47-zubev-5320-2402120-40	/kamaz-4310/catalog/zapchasti/	469							1	1	1	КамАЗ-43261 (Евро-1, 2), КамАЗ-4350 (4х4), КамАЗ-43501 (4х4), КамАЗ-5320, КамАЗ-53212, КамАЗ-53228, 65111, КамАЗ-5410, КамАЗ-54112, КамАЗ-55102, КамАЗ-5511, КамАЗ-65115, КамАЗ-65116		4 690	завод		аналог Наб.Челны					/kamaz-4310/img/zap/	5320-2402120-40_2.jpg											0.075	0.305	0.305	13.58	Устанавливается на автомобилях КамАЗ – 43114, 43118, 43253, 43255, 4326, 43269, 4350, 43502, 44108, 5320, 53228, 53229, 5350, 53501, 53504, 55111, 6350, 63501, 63502, 6450, 65115, 65117.  Гарантированный ресурс детали – 350 тыс. км.		
471	Шестерня ведомая цилиндрическая 49 зубьев	5320-2402120-10	5320-2402120-40	5320-2402017	5320-2402060	5320-2506019	Мост передний	Шестерни	shesternya-vedomaya-tsilindricheskaya-49-zubev-5320-2402120-10	/kamaz-4310/catalog/zapchasti/	471							1	1	1	КамАЗ-43261 (Евро-1, 2), КамАЗ-4350 (4х4), КамАЗ-43501 (4х4), КамАЗ-5320, КамАЗ-53212, КамАЗ-53228, 65111, КамАЗ-5410, КамАЗ-54112, КамАЗ-55102, КамАЗ-5511, КамАЗ-65115, КамАЗ-65116		4 100	завод		аналог Наб.Челны					/kamaz-4310/img/zap/	5320-2402120-10_2.jpg											0.318	0.07	0.318	12.74			
473	Шестерня ведущая коническая перед. и задн. моста в сборе	5320-2402017	5320-2402060	5320-2502017	53212-2506126	53212-2506130	Редуктор	Шестерни	shesternya-vedushchaya-konicheskaya-pered-i-zadn-mosta-v-sbore-5320-2402017	/kamaz-4310/catalog/zapchasti/	473			1	1	1	1	1	1		КамАЗ-4310, КамАЗ-43101, КамАЗ-43114, КамАЗ-43118, КамАЗ-4308, КамАЗ-4326, КамАЗ-43261 (Евро-1, 2), КамАЗ-4350 (4х4), КамАЗ-43501 (4х4), КамАЗ-5320, КамАЗ-53212, КамАЗ-53228, 65111, КамАЗ-5410, КамАЗ-54112, КамАЗ-55102, КамАЗ-5511, КамАЗ-65115, КамАЗ-65116, КамАЗ-6540		2 300	завод	1 640	аналог Наб.Челны					/kamaz-4310/img/zap/	5320-2402017_2.jpg											0.14	0.14	0.1	4.05			
475	Шестерня ведущая коническая перед., средн., задн. моста в сборе	5320-2402060	5320-2402017	5320-2502017	53212-2506126	53212-2506130	Редуктор	Шестерни	shesternya-vedushchaya-konicheskaya-pered-sredn-zadn-mosta-v-sbore-5320-2402060	/kamaz-4310/catalog/zapchasti/	475			1	1	1	1	1	1	1	КамАЗ-4310, КамАЗ-43101, КамАЗ-4308, КамАЗ-43114, КамАЗ-43118, КамАЗ-4326, КамАЗ-43261 (Евро-1, 2), КамАЗ-4350 (4х4), КамАЗ-43501 (4х4), КамАЗ-5320, КамАЗ-53212, КамАЗ-53228, 65111, КамАЗ-5410, КамАЗ-54112, КамАЗ-55102, КамАЗ-5511, КамАЗ-65115, КамАЗ-65116, КамАЗ-6540		7 620	завод	3 600	аналог Наб.Челны					/kamaz-4310/img/zap/	5320-2402060_2.jpg		5320-2402060_4.jpg									0.23	0.074	0.23	7.65			
477	Шестерня ведущая первичного вала РК (раздаточной коробки) в сборе	43114-1802034	43114-1802189	43114-1802090	4310-1802034	65111-1802034	Коробка раздаточная	Шестерни	shesternya-vedushchaya-pervichnogo-vala-rk-razdatochnoj-korobki-v-sbore-43114-1802034	/kamaz-4310/catalog/zapchasti/	477					1	1	1			КамАЗ-43114, КамАЗ-43118, КамАЗ-4326, КамАЗ-4326 (каталог 2003г), КамАЗ-43261 (Евро-1, 2), КамАЗ-53228, 65111		8 580	завод	4 500	аналог Наб.Челны					/kamaz-4310/img/zap/	43114-1802034_2.jpg											0.205	0.205	0.076	8.7			
479	Шестерня ведущая первичного вала РК (раздаточной коробки) в сборе	4310-1802034	4310-1802034	4310-1802189	43114-1802034	65111-1802034	Коробка раздаточная	Шестерни	shesternya-vedushchaya-pervichnogo-vala-rk-razdatochnoj-korobki-v-sbore-4310-1802034	/kamaz-4310/catalog/zapchasti/	479			1							КамАЗ-4310		6 050	завод		аналог Наб.Челны					/kamaz-4310/img/zap/	43114-1802034_2.jpg											0.205	0.205	0.076	8.7			
481	Шестерня ведущая первичного вала РК (раздаточной коробки) в сборе	65111-1802034	65111-1802090-10	65111-1802180	4310-1802034	43114-1802034	Коробка раздаточная	Шестерни	shesternya-vedushchaya-pervichnogo-vala-rk-razdatochnoj-korobki-v-sbore-65111-1802034	/kamaz-4310/catalog/zapchasti/	481							1	1	1	КамАЗ-4350 (4×4), -5350 (6×6), -6350 (8×8), -43261 (Евро-1, -2), -43501 (4×4), -53501 (6×6), -53504 (6×6), -6450 (8×8), -63501 (8×8).		11 550	завод	1 200	аналог Наб.Челны					/kamaz-4310/img/zap/	65111-1802034_2.jpg											0.206	0.206	0.093	8.0	36 зубов, усиленная	Шестерня имеет круглую форму с зубьями по краю. Основная функция шестерни передача вращательного движения от одной оси к другой.	
483	Шестерня ведущая цилиндрическая (13 зубьев)	5320-2402110-10	5320-2402110-40	5320-2502017	5320-2402060	5320-2402017	Мост задний	Шестерни	shesternya-vedushchaya-tsilindricheskaya-13-zubev-5320-2402110-10	/kamaz-4310/catalog/zapchasti/	483							1			КамАЗ-43261 (Евро-1, 2), КамАЗ-53228, 65111, КамАЗ-65115, КамАЗ-65116		1 990	завод	1 270	аналог Наб.Челны					/kamaz-4310/img/zap/	5320-2402110-10_2.jpg											0.125	0.11	0.27	6.7			
485	Шестерня ведущая цилиндрическая (15 зубьев)	5320-2402110-40	5320-2402110-10	5320-2502017	5320-2402060	5320-2402017	Мост задний	Шестерни	shesternya-vedushchaya-tsilindricheskaya-15-zubev-5320-2402110-40	/kamaz-4310/catalog/zapchasti/	485							1			КамАЗ-43261 (Евро-1, 2), КамАЗ-53228, 65111, КамАЗ-65115, КамАЗ-65116	задний мост	2 840	завод	1 400	аналог Наб.Челны					/kamaz-4310/img/zap/	5320-2402110-40_2.jpg											0.105	0.105	0.27	6.6			
487	Шестерня коническая среднего моста ведущая	5320-2502017	5320-2402017	5320-2402060	53212-2506126	53212-2506130	Редуктор	Шестерни	shesternya-konicheskaya-srednego-mosta-vedushchaya-5320-2502017	/kamaz-4310/catalog/zapchasti/	487					1	1	1	1		КамАЗ-43114, КамАЗ-43118, КамАЗ-4326, КамАЗ-43261 (Евро-1, 2), КамАЗ-43501 (4х4), КамАЗ-5320, КамАЗ-53212, КамАЗ-53228, 65111, КамАЗ-5410, КамАЗ-6540		3 700	завод	2 495	аналог Наб.Челны					/kamaz-4310/img/zap/	5320-2502017_2.jpg											0.15	0.15	0.25	6.25			
489	Шестерня низшей передачи привода заднего моста в сборе (43зуб) 4310/43114	4310-1802189	4310-1802034	4310-1802090	43114-1802189		Коробка раздаточная	Шестерни	shesternya-nizshej-peredachi-privoda-zadnego-mosta-v-sbore-4310-1802189	/kamaz-4310/catalog/zapchasti/	489			1	1						КамАЗ-4310, КамАЗ-4310 (каталог 2004 г), КамАЗ-43101, КамАЗ-4326		6 050	завод		аналог Наб.Челны					/kamaz-4310/img/zap/	4310-1802189_2.jpg											0.241	0.241	0.117	10.1			
491	Шестерня низшей передачи раздаточной коробки (43зуб, с бронз.втулкой) 43114(4310)	43114-1802189	43114-1802090	4310-1802189	43114-1802088	43114-1802180	Коробка раздаточная	Шестерни	shesternya-nizshej-peredachi-razdatochnoj-korobki-43114-1802189	/kamaz-4310/catalog/zapchasti/	491				1	1	1	1			КамАЗ-43114, КамАЗ-43118, КамАЗ-4326 (каталог 2003г), КамАЗ-43261 (Евро-1, 2), КамАЗ-53228, 65111		11 880	завод	10 700	аналог Наб.Челны					/kamaz-4310/img/zap/	43114-1802189_2.jpg											0.241	0.241	0.117	10.1			
495	Шестерня первичного вала делителя КПП в сборе	15.1770050	152.1770050	14.1701130			Коробка передач	Шестерни	shesternya-pervichnogo-vala-delitelya-kpp-v-sbore-15.1770050	/kamaz-4310/catalog/zapchasti/	495				1	1	1	1			КамАЗ 43114, КамАЗ 43118, КамАЗ 4326, КамАЗ 6540, КамАЗ 53605, КамАЗ 53229, КамАЗ 65111, КамАЗ 43253		1 680	завод		аналог Наб.Челны					/kamaz-4310/img/zap/	15.1770050_2.jpg											0.138	0.063	0.138	3.66			
496	Шестерня первичного вала делителя КПП в сборе	152.1770050	15.1770050	14.1701130			Коробка передач	Шестерни	shesternya-pervichnogo-vala-delitelya-kpp-v-sbore-152.1770050	/kamaz-4310/catalog/zapchasti/	496				1	1	1	1			КамАЗ 43114, КамАЗ 43118, КамАЗ 4326, КамАЗ-43261 (Евро-1, 2), КамАЗ-65115, КамАЗ-6540, КамАЗ 6540, КамАЗ 53605, КамАЗ 53229, КамАЗ 65111, КамАЗ 43253	Применяется на КПП моделей 152, 154.  	4 800	завод		аналог Наб.Челны																	0.138	0.063	0.138	3.66	Шестерня первичного вала делителя в сборе с конусным кольцом, напрессованным и приваренным электронно-лучевой сваркой.	С июля 2009 года на шестернях 152.1770054 (входит в состав 152.1770050) перестали делать 3 отверстия между зубьями.  Прочность сварного соединения контролируется с обеспечением 3-х кратного запаса относительно номинального момента. 	
497	Шестерня первой передачи промежуточного вала (24 зубьев)	43114-1802090	43114-1802189	4310-1802090	65111-1802090-10	43114-1802180	Коробка раздаточная	Шестерни	shesternya-pervoj-peredachi-promezhutochnogo-vala-43114-1802090	/kamaz-4310/catalog/zapchasti/	497				1	1	1				КамАЗ-43114, КамАЗ-43118, КамАЗ-4326, КамАЗ-53228, 65111, КамАЗ-43261 (Евро-1, 2).		7 260	завод	4 500	аналог Наб.Челны					/kamaz-4310/img/zap/	43114-1802090_2.jpg											0.14	0.14	0.11	5.81	внутренний диаметр 70mm		
499	Шестерня первой передачи промежуточного вала (24 зубьев)	4310-1802090	4310-1802088	4310-1802189	43114-1802090	65111-1802090-10	Коробка раздаточная	Шестерни	shesternya-pervoj-peredachi-promezhutochnogo-vala-4310-1802090	/kamaz-4310/catalog/zapchasti/	499			1	1						КамАЗ-4310, КамАЗ-43101, КамАЗ-4326		4 840	завод		аналог Наб.Челны					/kamaz-4310/img/zap/												0.14	0.14	0.11	5.81	внутренний диаметр 68,81mm, под ролики, старого образца		
501	Шестерня первой передачи промежуточного вала (25 зубьев)	65111-1802090-10	43114-1802090	4310-1802090	65111-1802088-10	65111-1802034	Коробка раздаточная	Шестерни	shesternya-pervoj-peredachi-promezhutochnogo-vala-65111-1802090-10	/kamaz-4310/catalog/zapchasti/	501							1	1		КамАЗ-43261 (Евро-1, 2), КамАЗ-4350 (4х4), КамАЗ-43501 (4х4) 		7 430	завод	4 500	аналог Наб.Челны					/kamaz-4310/img/zap/	65111-1802090-10_2.jpg											0.143	0.143	0.107	6.5	внутренний диаметр 70mm		
503	Шестерня полуоси (20 шл.) - Евро	53205-2403050	43118-2403069	43118-2403070			Редуктор	Шестерни	shesternya-poluosi-20-shl-evro-53205-2403050	/kamaz-4310/catalog/zapchasti/	503				1	1	1	1	1		КамАЗ-43114,КамАЗ-43118, КамАЗ-4326, КамАЗ-43261 (Евро-1, 2), КамАЗ-4350 (4х4), КамАЗ-43501 (4х4), КамАЗ-53228, 65111, КамАЗ-5460, КамАЗ-6460, КамАЗ-4308, КамАЗ-65115, КамАЗ-65116, КамАЗ-6520 (Euro-2, 3), КамАЗ-6522, КамАЗ-65226, КамАЗ-6540		1 430	завод	1 400	аналог Наб.Челны					/kamaz-4310/img/zap/	53205-2403050_2.jpg											0.144	0.05	0.144	2.17	Покрываются противозадирным химическим фосфатным составом. Гарантированный ресурс детали – 350 тыс. км.		
505	Шестерня постоянного зацепления промежуточного вала (34 зубьев)	43114-1802088	65111-1802088-10	4310-1802088	43114-1802090	43114-1802180	Коробка раздаточная	Шестерни	shesternya-postoyannogo-zatsepleniya-promezhutochnogo-vala-43114-1802088	/kamaz-4310/catalog/zapchasti/	505				1	1	1	1			КамАЗ-43114, КамАЗ-43118, КамАЗ-4326, КамАЗ-43261 (Евро-1, 2), КамАЗ-53228, 65111		7 750	завод	4 900	аналог Наб.Челны					/kamaz-4310/img/zap/	43114-1802088_2.jpg											0.2	0.07	0.2	6.7			
507	Шестерня постоянного зацепления промежуточного вала (34 зубьев)	4310-1802088	43114-1802088	65111-1802088-10	4310-1802180	4310-1802090	Коробка раздаточная	Шестерни	shesternya-postoyannogo-zatsepleniya-promezhutochnogo-vala-4310-1802088	/kamaz-4310/catalog/zapchasti/	507			1	1						КамАЗ-4310, 43105, КамАЗ-4326		5 600	завод	6 600	аналог Наб.Челны					/kamaz-4310/img/zap/	4310-1802088_2.jpg											0.2	0.2	0.2	6.9	диаметр внутренний = 54мм		
509	Шестерня постоянного зацепления промежуточного вала (34 зубьев)	65111-1802088-10	43114-1802088	4310-1802088	65111-1802180	65111-1802034	Коробка раздаточная	Шестерни	shesternya-postoyannogo-zatsepleniya-promezhutochnogo-vala-65111-1802088-10	/kamaz-4310/catalog/zapchasti/	509							1			КамАЗ-43261 (Евро-1, 2), КамАЗ-4350 (4х4), КамАЗ-43501 (4х4) 		8 368	завод	5 700	аналог Наб.Челны					/kamaz-4310/img/zap/	65111-1802088-10_2.jpg											0.2	0.082	0.2	6.2			
511	Шестерня привода дифференциала высшей передачи привода заднего моста	4310-1802180	43114-1802180	65111-1802180	4310-1802088	4310-1802144	Коробка раздаточная	Шестерни	shesternya-privoda-differentsiala-vysshej-peredachi-privoda-zadnego-mosta-4310-1802180	/kamaz-4310/catalog/zapchasti/	511			1	1	1	1	1			КамАЗ-4310, КамАЗ-43101, КамАЗ-43114, КамАЗ-43118, КамАЗ-4326, КамАЗ-43261 (Евро-1, 2), КамАЗ-53228, 65111		8 730	завод	5 100	аналог Наб.Челны					/kamaz-4310/img/zap/	4310-1802180_2.jpg											0.19	0.077	0.19	5.54			
513	Шестерня привода дифференциала высшей передачи привода заднего моста	43114-1802180	65111-1802180	4310-1802180	43114-1802088	43114-1802090	Коробка раздаточная	Шестерни	shesternya-privoda-differentsiala-vysshej-peredachi-privoda-zadnego-mosta-4310-1802180	/kamaz-4310/catalog/zapchasti/	513				1	1	1	1			КамАЗ-43114, КамАЗ-43118, КамАЗ-4326, КамАЗ-53228, 65111, КамАЗ-43261 (Евро-1, 2).		8 730	завод	5 100	аналог Наб.Челны					/kamaz-4310/img/zap/	43114-1802180_2.jpg											0.238	0.238	0.47	43.6			
515	Шестерня привода дифференциала высшей передачи привода заднего моста	65111-1802180	43114-1802180	4310-1802180	65111-1802088-10	65111-1802034	Коробка раздаточная	Шестерни	shesternya-privoda-differentsiala-vysshej-peredachi-privoda-zadnego-mosta-65111-1802180	/kamaz-4310/catalog/zapchasti/	515							1	1		КамАЗ-43261 (Евро-1, 2), КамАЗ-43501 (4х4), КамАЗ-53501 (6х6), КамАЗ-6450 8х8, КамАЗ-63501 8х8		9 485	завод	5 150	аналог Наб.Челны					/kamaz-4310/img/zap/	65111-1802180_2.jpg											0.2	0.1	0.2	7.51			
517	Шестерня привода заднего моста в сборе	4310-1802144	65111-1802144	4310-1802180			Коробка раздаточная	Шестерни	shesternya-privoda-zadnego-mosta-v-sbore-4310-1802144	/kamaz-4310/catalog/zapchasti/	517			1	1	1	1	1			КамАЗ-4310, КамАЗ-4326, КамАЗ-43101, КамАЗ-4310 (2004 г) , КамАЗ-43114, КамАЗ-43118, КамАЗ-4326 (2003г) , КамАЗ-53228, 65111, КамАЗ-43261 (Евро-1, 2) 		10 690	завод	4 950	аналог Наб.Челны					/kamaz-4310/img/zap/	4310-1802144_2.jpg											0.177	0.253	0.177	6.9			
521	Шестерня привода заднего моста в сборе (16шл.)	65111-1802144	4310-1802144	65111-1802180	65111-1802088-10	65111-1802090-10	Коробка раздаточная	Шестерни	shesternya-privoda-zadnego-mosta-v-sbore-65111-1802144	/kamaz-4310/catalog/zapchasti/	521							1	1		КамАЗ-43501 (4х4), КамАЗ-53501 (6х6), КамАЗ-53504 (6х6), КамАЗ-6450 8х8, КамАЗ-63501 8х8, КамАЗ-43261 (Евро-1, 2).		9 200	завод	5 200	аналог Наб.Челны					/kamaz-4310/img/zap/	65111-1802144_2.jpg											0.177	0.209	0.177	6.9			
523	Шестерня привода заднего моста коническая	53212-2506126	53212-2506130	5320-2502017	5320-2402017	5320-2402060	Мост задний	Шестерни	shesternya-privoda-zadnego-mosta-konicheskaya-53212-2506126	/kamaz-4310/catalog/zapchasti/	523										КамАЗ-65115, КамАЗ-6540, КамАЗ-43118, КамАЗ-53228, 65111, КамАЗ-65116, КамАЗ-43501 (4х4), КамАЗ-53501 (6х6), КамАЗ-53504 (6х6), КамАЗ-6450 8х8, КамАЗ-63501 8х8, КамАЗ-43261 (Евро-1, 2).		340	завод		аналог Наб.Челны					/kamaz-4310/img/zap/	53212-2506126_2.jpg											0.1	0.07	0.12	0.915	Устанавливается на автомобилях КАМАZ – 53212, 55111, 65111. Гарантированный ресурс детали – 350 тыс. км.		
525	Шестерня привода среднего моста коническая	53212-2506130	53212-2506126	5320-2502017	5320-2402017	5320-2402060	Мост задний	Шестерни	shesternya-privoda-srednego-mosta-konicheskaya-53212-2506130	/kamaz-4310/catalog/zapchasti/	525										КамАЗ-65115, КамАЗ-6540, КамАЗ-43118, КамАЗ-53228, 65111, КамАЗ-65116, КамАЗ-43501 (4х4), КамАЗ-53501 (6х6), КамАЗ-53504 (6х6), КамАЗ-6450 8х8, КамАЗ-63501 8х8, КамАЗ-43261 (Евро-1, 2).		1 330	завод		аналог Наб.Челны					/kamaz-4310/img/zap/	53212-2506130_2.jpg											0.104	0.073	0.104	1.48	Устанавливается на автомобилях КАМАZ – 53212, 55111, 65111. Гарантированный ресурс детали – 350 тыс. км.		
527	Шестерня третьей передачи в сборе	14.1701130	15.1770050	152.1770050			Коробка передач	Шестерни	shesternya-tretej-peredachi-v-sbore-14.1701130	/kamaz-4310/catalog/zapchasti/	527			1	1	1	1	1	1		КамАЗ-4310, КамАЗ-43101, КамАЗ-43114, КамАЗ-43118, КамАЗ-4326, КамАЗ-4326, КамАЗ-43261 (Евро-1, 2), КамАЗ-5297, КамАЗ-5315, КамАЗ-5320, КамАЗ-53212, КамАЗ-53228, 65111, КамАЗ-5410, КамАЗ-54112, КамАЗ-55102, КамАЗ-5511, КамАЗ-65115, КамАЗ-6540	Применяется на КП моделей 14, 15, 141, 142, 152,154	7 880	завод		аналог Наб.Челны					/kamaz-4310/img/zap/	14.1701130_2.jpg											0.25	0.095	0.25	6	Шестерня третьей передачи вторичного вала КП в сборе с конусным кольцом, напрессованным и приваренным электронно-лучевой сваркой. Применяется на КП моделей 14, 15, 141, 142, 152,154	шестерню 154.1701130 заменили на 14.1701130	
529	Шкворень	5320-3001019	53205-3001019-10	53205-2403050	43118-2403069	43118-2403070	Мост передний		shkvoren-5320-3001019	/kamaz-4310/catalog/zapchasti/	529			1							КамАЗ-5320, КамАЗ-53212, КамАЗ-5410, КамАЗ-54112, КамАЗ-5511, КамАЗ-55102		480	завод		аналог Наб.Челны					/kamaz-4310/img/zap/	5320-3001019_2.jpg											0.05	0.05	0.07	0.23	Шкворень 5320-3001019 представляет собой стержень цилиндрической формы из стали 18ХГТ. Имеет покрытие хромом для игольчатых подшипников. Применяются для передних осей автомобилей КАМАЗ - 5320, 53205, 53229, 65115, 6540 и т.п.	простой стержень шарнира поворотного соединения частей автомобилей. Функции шкворней: соединительные компоненты или несущие компоненты автомобилей. Так же шкворень может выполнять роль осей.	
531	Шкворень Евро	53205-3001019-10	5320-3001019	53205-2403050	43118-2403069	43118-2403070	Мост передний		shkvoren-evro-53205-3001019-10	/kamaz-4310/catalog/zapchasti/	531							1			КамАЗ-65115, КамАЗ-6540, КамАЗ-65116.		800	завод		аналог Наб.Челны					/kamaz-4310/img/zap/	53205-3001019-10_2.jpg											0.052	0.052	0.8	0.44		простой стержень шарнира поворотного соединения частей автомобилей. Функции шкворней: соединительные компоненты или несущие компоненты автомобилей. Так же шкворень может выполнять роль осей.	