id	name	dlina	code1	cat	url	path	cat_url	ord	code2	code3	analog	prim	prim2	mesto1	mesto2	price1	price1_name	price2	price2_name	price3	price3_name	price4	price4_name	img_path	img1	img2	img3	img4	img5	desc	Comment	flanec_type	flanec_code	otv	D_po_centram_otv	D_vneshnyi	burt	truba	krest	krest_code	krest_D	krest_dlina	moment	max_moment	ugol		max_dlina	hod	do_krest	chastota_vrasch	D_vnesh	ot_torca	Осевой ход опоры	par12	text12	par13	text13	par14	text14	par15	text15	w	h	l	m
3	Вал карданный TIRSAN L=1591,7 на КАМАЗ-4308	1591,7	FS.93630.01.02	КАМАЗ-ТИРСАН	val-kardannyj-tirsan-l-15917-na-kamaz-4308-fs936300102	/kardanyi_valy/catalog/kamaz-tirsan/						КАМАЗ-4308				25 900	TIRSAN, Турция, срок 7-14 дней	18 200	аналог, завод Иннова, срок 2-4 дня, цену уточняйте	25 900	аналог, из комплектующих Tirsan, срок 3-5 дней			/kardanyi_valy/img/tirsan/	tirsan-fs-odnosharnyrnye.png							XS 120		Ø11х4				88,9x2,4	35x106.3	UJ.68730.04.02					25																	0.16	0.16	1,64	33.5
5	Вал карданный TIRSAN L=620,7 на КАМАЗ-4308	620,7	FS.93630.02.02	КАМАЗ-ТИРСАН	val-kardannyj-tirsan-l-6207-na-kamaz-4308-fs936300202	/kardanyi_valy/catalog/kamaz-tirsan/						КАМАЗ-4308				23 600	TIRSAN, Турция, срок 7-14 дней	16 600	аналог, завод Иннова, срок 2-4 дня, цену уточняйте	23 600	аналог, из комплектующих Tirsan, срок 3-5 дней			/kardanyi_valy/img/tirsan/	tirsan-fs-odnosharnyrnye.png							XS 120		Ø11х4				88,9x2,4	35x106.3	UJ.68730.04.02					25																	0.16	0.16	0,67	
7	Вал карданный TIRSAN L=1088,7 на КАМАЗ-43255	1088,7	FS.93630.03.02	КАМАЗ-ТИРСАН	val-kardannyj-tirsan-l-10887-na-kamaz-43255-fs936300302	/kardanyi_valy/catalog/kamaz-tirsan/						КАМАЗ-43255				24 700	TIRSAN, Турция, срок 7-14 дней	17 300	аналог, завод Иннова, срок 2-4 дня, цену уточняйте	24 700	аналог, из комплектующих Tirsan, срок 3-5 дней			/kardanyi_valy/img/tirsan/	tirsan-fs-odnosharnyrnye.png							XS 120		Ø11х4				88,9x2,4	35x106.3	UJ.68730.04.02					25																	0.16	0.16	1,14	
9	Вал карданный TIRSAN L=1789,2 на КАМАЗ-43253	1789,2	FS.93630.04.02	КАМАЗ-ТИРСАН	val-kardannyj-tirsan-l-17892-na-kamaz-43253-fs936300402	/kardanyi_valy/catalog/kamaz-tirsan/						КАМАЗ-43253				26 400	TIRSAN, Турция, срок 7-14 дней	18 500	аналог, завод Иннова, срок 2-4 дня, цену уточняйте	26 400	аналог, из комплектующих Tirsan, срок 3-5 дней			/kardanyi_valy/img/tirsan/	tirsan-fs-odnosharnyrnye.png							XS 120		Ø11х4				88,9x2,4	35x106.3	UJ.68730.04.02					25																	0.16	0.16	1,84	
11	Вал карданный TIRSAN L=1118 на КАМАЗ-5360	1118	FS.93645.01.02	КАМАЗ-ТИРСАН	val-kardannyj-tirsan-l-1118-na-kamaz-5360-fs936450102	/kardanyi_valy/catalog/kamaz-tirsan/						КАМАЗ-5360				34 500	TIRSAN, Турция, срок 7-14 дней	24 200	аналог, завод Иннова, срок 2-4 дня, цену уточняйте	34 500	аналог, из комплектующих Tirsan, срок 3-5 дней			/kardanyi_valy/img/tirsan/	tirsan-fs-odnosharnyrnye.png							XS 180		Ø15х4				120x4	52x147.2	UJ.68745.07.02					25																	0.2	0.2	1,17	
13	Вал карданный TIRSAN L=1335 на КАМАЗ-65201	1335	FS.93645.02.02	КАМАЗ-ТИРСАН	val-kardannyj-tirsan-l-1335-na-kamaz-65201-fs936450202	/kardanyi_valy/catalog/kamaz-tirsan/						КАМАЗ-65201				37 200	TIRSAN, Турция, срок 7-14 дней	26 100	аналог, завод Иннова, срок 2-4 дня, цену уточняйте	37 200	аналог, из комплектующих Tirsan, срок 3-5 дней			/kardanyi_valy/img/tirsan/	tirsan-fs-odnosharnyrnye.png							XS 180		Ø15х4				120x4	52x147.2	UJ.68745.07.02					25																	0.2	0.2	1,39	
15	Вал карданный TIRSAN L=1353 на КАМАЗ-6520, -65201	1353	FS.93655.01.02	КАМАЗ-ТИРСАН	val-kardannyj-tirsan-l-1353-na-kamaz-6520-65201-fs936550102	/kardanyi_valy/catalog/kamaz-tirsan/			45104-2206001-90			КАМАЗ-6520, -65201				47 100	TIRSAN, Турция, срок 7-14 дней	33 000	аналог, завод Иннова, срок 2-4 дня, цену уточняйте	47 100	аналог, из комплектующих Tirsan, срок 3-5 дней			/kardanyi_valy/img/tirsan/	tirsan-fs-odnosharnyrnye.png							XS 180		Ø15х4				120x6	57x152	UJ.68755.12.02					25																	0.2	0.2	1,4	
17	Вал карданный TIRSAN L=1966 на КАМАЗ-65201	1966	FS.93655.06.02	КАМАЗ-ТИРСАН	val-kardannyj-tirsan-l-1966-na-kamaz-65201-fs936550602	/kardanyi_valy/catalog/kamaz-tirsan/						КАМАЗ-65201				54 700	TIRSAN, Турция, срок 7-14 дней	38 300	аналог, завод Иннова, срок 2-4 дня, цену уточняйте	54 700	аналог, из комплектующих Tirsan, срок 3-5 дней			/kardanyi_valy/img/tirsan/	tirsan-fs-odnosharnyrnye.png							XS 180		Ø15х4				120x6	57x152	UJ.68755.12.02					25																	0.2	0.2	2,02	
19	Вал карданный TIRSAN L=1433 на КАМАЗ-6520,-6560	1433	FS.93655.07.02	КАМАЗ-ТИРСАН	val-kardannyj-tirsan-l-1433-na-kamaz-6520-6560-fs936550702	/kardanyi_valy/catalog/kamaz-tirsan/						КАМАЗ-6520,-6560				48 100	TIRSAN, Турция, срок 7-14 дней	33 700	аналог, завод Иннова, срок 2-4 дня, цену уточняйте	48 100	аналог, из комплектующих Tirsan, срок 3-5 дней			/kardanyi_valy/img/tirsan/	tirsan-fs-odnosharnyrnye.png							XS 180		Ø15х4				120x6	57x152	UJ.68755.12.02					25																	0.2	0.2	1,48	
21	Вал карданный TIRSAN L=985 на КАМАЗ-65201	985	FS.93655.08.02	КАМАЗ-ТИРСАН	val-kardannyj-tirsan-l-985-na-kamaz-65201-fs936550802	/kardanyi_valy/catalog/kamaz-tirsan/						КАМАЗ-65201				42 600	TIRSAN, Турция, срок 7-14 дней	29 900	аналог, завод Иннова, срок 2-4 дня, цену уточняйте	42 600	аналог, из комплектующих Tirsan, срок 3-5 дней			/kardanyi_valy/img/tirsan/	tirsan-fs-odnosharnyrnye.png							XS 180		Ø15х4				120x6	57x152	UJ.68755.12.02					25																	0.2	0.2	1,04	
23	Вал карданный TIRSAN L=1760 на КАМАЗ-65201	1760	FS.93655.09.02	КАМАЗ-ТИРСАН	val-kardannyj-tirsan-l-1760-na-kamaz-65201-fs936550902	/kardanyi_valy/catalog/kamaz-tirsan/						КАМАЗ-65201				50 100	TIRSAN, Турция, срок 7-14 дней	35 100	аналог, завод Иннова, срок 2-4 дня, цену уточняйте	50 100	аналог, из комплектующих Tirsan, срок 3-5 дней			/kardanyi_valy/img/tirsan/	tirsan-fs-odnosharnyrnye.png							XS 180		Ø15х4				120x6	57x152	UJ.68755.12.02					25																	0.2	0.2	1,81	
25	Вал карданный TIRSAN L=1272 на КАМАЗ-65201	1272	FS.93655.10.02	КАМАЗ-ТИРСАН	val-kardannyj-tirsan-l-1272-na-kamaz-65201-fs936551002	/kardanyi_valy/catalog/kamaz-tirsan/						КАМАЗ-65201				46 700	TIRSAN, Турция, срок 7-14 дней	32 700	аналог, завод Иннова, срок 2-4 дня, цену уточняйте	46 700	аналог, из комплектующих Tirsan, срок 3-5 дней			/kardanyi_valy/img/tirsan/	tirsan-fs-odnosharnyrnye.png							XS 180		Ø15х4				120x6	57x152	UJ.68755.12.02					25																	0.2	0.2	1,32	
27	Вал карданный TIRSAN L=891 на КАМАЗ-63501	891	FS.93660.01.02	КАМАЗ-ТИРСАН	val-kardannyj-tirsan-l-891-na-kamaz-63501-fs936600102	/kardanyi_valy/catalog/kamaz-tirsan/						КАМАЗ-63501				50 100	TIRSAN, Турция, срок 7-14 дней	35 100	аналог, завод Иннова, срок 2-4 дня, цену уточняйте	50 100	аналог, из комплектующих Tirsan, срок 3-5 дней			/kardanyi_valy/img/tirsan/	tirsan-fs-odnosharnyrnye.png							XS 180		Ø15х4				130x6	59x167.7	UJ.68760.04.02					25																	0.2	0.2	0,94	
29	Вал карданный TIRSAN L=1220 на КАМАЗ-6560	1220	FS.93660.02.02	КАМАЗ-ТИРСАН	val-kardannyj-tirsan-l-1220-na-kamaz-6560-fs936600202	/kardanyi_valy/catalog/kamaz-tirsan/						КАМАЗ-6560				54 000	TIRSAN, Турция, срок 7-14 дней	37 800	аналог, завод Иннова, срок 2-4 дня, цену уточняйте	54 000	аналог, из комплектующих Tirsan, срок 3-5 дней			/kardanyi_valy/img/tirsan/	tirsan-fs-odnosharnyrnye.png							XS 180		Ø15х4				130x6	59x167.7	UJ.68760.04.02					25																	0.2	0.2	1,27	
31	Вал карданный TIRSAN L=1337 на КАМАЗ-6560	1337	FS.93660.03.02	КАМАЗ-ТИРСАН	val-kardannyj-tirsan-l-1337-na-kamaz-6560-fs936600302	/kardanyi_valy/catalog/kamaz-tirsan/						КАМАЗ-6560				56 700	TIRSAN, Турция, срок 7-14 дней	39 700	аналог, завод Иннова, срок 2-4 дня, цену уточняйте	56 700	аналог, из комплектующих Tirsan, срок 3-5 дней			/kardanyi_valy/img/tirsan/	tirsan-fs-odnosharnyrnye.png							XS 180		Ø15х4				130x6	59x167.7	UJ.68760.04.02					25																	0.2	0.2	1,39	
33	Вал карданный TIRSAN L=1353 на КАМАЗ-65201	1353	FS.93660.04.02	КАМАЗ-ТИРСАН	val-kardannyj-tirsan-l-1353-na-kamaz-65201-fs936600402	/kardanyi_valy/catalog/kamaz-tirsan/			45104-2206001-90			КАМАЗ-65201				57 100	TIRSAN, Турция, срок 7-14 дней	40 000	аналог, завод Иннова, срок 2-4 дня, цену уточняйте	57 100	аналог, из комплектующих Tirsan, срок 3-5 дней			/kardanyi_valy/img/tirsan/	tirsan-fs-odnosharnyrnye.png							XS 180		Ø15х4				130x6	59x167.7	UJ.68760.04.02					25																	0.2	0.2	1,4	
35	Вал карданный TIRSAN L=1058 на КАМАЗ	1058	RS.93630.01.02	КАМАЗ-ТИРСАН	val-kardannyj-tirsan-l-1058-na-kamaz-rs936300102	/kardanyi_valy/catalog/kamaz-tirsan/						КАМАЗ				26 300	TIRSAN, Турция, срок 7-14 дней	18 500	аналог, завод Иннова, срок 2-4 дня, цену уточняйте	26 300	аналог, из комплектующих Tirsan, срок 3-5 дней			/kardanyi_valy/img/tirsan/	tirsan-rs-dvuh-sharnyrnye.png							XS 120		Ø11х4				88,9x2,4	35x106.3	UJ.68730.04.02					25			110														0.16	0.16	1,11	
37	Вал карданный TIRSAN L=1657 на КАМАЗ-4308	1657	RS.93630.02.02	КАМАЗ-ТИРСАН	val-kardannyj-tirsan-l-1657-na-kamaz-4308-rs936300202	/kardanyi_valy/catalog/kamaz-tirsan/						КАМАЗ-4308				27 900	TIRSAN, Турция, срок 7-14 дней	19 600	аналог, завод Иннова, срок 2-4 дня, цену уточняйте	27 900	аналог, из комплектующих Tirsan, срок 3-5 дней			/kardanyi_valy/img/tirsan/	tirsan-rs-dvuh-sharnyrnye.png							XS 120		Ø11х4				88,9x2,4	35x106.3	UJ.68730.04.02					25			110														0.16	0.16	1,71	
39	Вал карданный TIRSAN L=1331 на КАМАЗ-4308	1331	RS.93630.03.02	КАМАЗ-ТИРСАН	val-kardannyj-tirsan-l-1331-na-kamaz-4308-rs936300302	/kardanyi_valy/catalog/kamaz-tirsan/						КАМАЗ-4308				27 600	TIRSAN, Турция, срок 7-14 дней	19 400	аналог, завод Иннова, срок 2-4 дня, цену уточняйте	27 600	аналог, из комплектующих Tirsan, срок 3-5 дней			/kardanyi_valy/img/tirsan/	tirsan-rs-dvuh-sharnyrnye.png							XS 120		Ø11х4				88,9x2,4	35x106.3	UJ.68730.04.02					25			110														0.16	0.16	1,38	
41	Вал карданный TIRSAN L=980 на КАМАЗ-43253,-43255	980	RS.93630.04.02	КАМАЗ-ТИРСАН	val-kardannyj-tirsan-l-980-na-kamaz-43253-43255-rs936300402	/kardanyi_valy/catalog/kamaz-tirsan/						КАМАЗ-43253,-43255				25 800	TIRSAN, Турция, срок 7-14 дней	18 100	аналог, завод Иннова, срок 2-4 дня, цену уточняйте	25 800	аналог, из комплектующих Tirsan, срок 3-5 дней			/kardanyi_valy/img/tirsan/	tirsan-rs-dvuh-sharnyrnye.png							XS 120		Ø11х4				88,9x2,4	35x106.3	UJ.68730.04.02					25			110														0.16	0.16	1,03	
43	Вал карданный TIRSAN L=701 на КАМАЗ-6520, -65201, -6522, -65222, -65226, -65227, -65228, -6560	701	RS.93640.01.02	КАМАЗ-ТИРСАН	val-kardannyj-tirsan-l-701-na-kamaz-6520-65201-6522-65222-65226-65227-65228-6560-rs936400102	/kardanyi_valy/catalog/kamaz-tirsan/			45104-2201001-90			КАМАЗ-6520, -65201, -6522, -65222, -65226, -65227, -65228, -6560				41 100	TIRSAN, Турция, срок 7-14 дней	28 800	аналог, завод Иннова, срок 2-4 дня, цену уточняйте	41 100	аналог, из комплектующих Tirsan, срок 3-5 дней			/kardanyi_valy/img/tirsan/	tirsan-rs-dvuh-sharnyrnye.png							XS 180		Ø15х4				100x4	48x135.2	UJ.68740.05.02					44			180														0.2	0.2	0,75	
45	Вал карданный TIRSAN L=746 на КАМАЗ-6460	746	RS.93640.02.02	КАМАЗ-ТИРСАН	val-kardannyj-tirsan-l-746-na-kamaz-6460-rs936400202	/kardanyi_valy/catalog/kamaz-tirsan/			6460-2201011-21			КАМАЗ-6460				41 500	TIRSAN, Турция, срок 7-14 дней	29 100	аналог, завод Иннова, срок 2-4 дня, цену уточняйте	41 500	аналог, из комплектующих Tirsan, срок 3-5 дней			/kardanyi_valy/img/tirsan/	tirsan-rs-dvuh-sharnyrnye.png							XS 180		Ø15х4				100x4	48x135.2	UJ.68740.05.02					44			180														0.2	0.2	0,8	
47	Вал карданный TIRSAN L=678 на КАМАЗ-6460	678	RS.93640.03.02	КАМАЗ-ТИРСАН	val-kardannyj-tirsan-l-678-na-kamaz-6460-rs936400302	/kardanyi_valy/catalog/kamaz-tirsan/						КАМАЗ-6460				40 900	TIRSAN, Турция, срок 7-14 дней	28 700	аналог, завод Иннова, срок 2-4 дня, цену уточняйте	40 900	аналог, из комплектующих Tirsan, срок 3-5 дней			/kardanyi_valy/img/tirsan/	tirsan-rs-dvuh-sharnyrnye.png							XS 180		Ø15х4				100x4	48x135.2	UJ.68740.05.02					44			180														0.2	0.2	0,73	
49	Вал карданный TIRSAN L=1414 на КАМАЗ-6560	1414	RS.93640.04.02	КАМАЗ-ТИРСАН	val-kardannyj-tirsan-l-1414-na-kamaz-6560-rs936400402	/kardanyi_valy/catalog/kamaz-tirsan/						КАМАЗ-6560				44 000	TIRSAN, Турция, срок 7-14 дней	30 800	аналог, завод Иннова, срок 2-4 дня, цену уточняйте	44 000	аналог, из комплектующих Tirsan, срок 3-5 дней			/kardanyi_valy/img/tirsan/	tirsan-rs-dvuh-sharnyrnye.png							XS 180		Ø15х4				120x4	48x135.2	UJ.68740.07.02					25			110														0.2	0.2	1,46	
51	Вал карданный TIRSAN L=725 на КАМАЗ-65205	725	RS.93640.09.02	КАМАЗ-ТИРСАН	val-kardannyj-tirsan-l-725-na-kamaz-65205-rs936400902	/kardanyi_valy/catalog/kamaz-tirsan/						КАМАЗ-65205				41 300	TIRSAN, Турция, срок 7-14 дней	29 000	аналог, завод Иннова, срок 2-4 дня, цену уточняйте	41 300	аналог, из комплектующих Tirsan, срок 3-5 дней			/kardanyi_valy/img/tirsan/	tirsan-rs-dvuh-sharnyrnye.png							XS 180		Ø15х4				100x4	48x135.2	UJ.68740.05.02					44			180														0.2	0.2	0,78	
53	Вал карданный TIRSAN L=1969 на КАМАЗ-65226	1969	RS.93640.10.02	КАМАЗ-ТИРСАН	val-kardannyj-tirsan-l-1969-na-kamaz-65226-rs936401002	/kardanyi_valy/catalog/kamaz-tirsan/						КАМАЗ-65226				47 200	TIRSAN, Турция, срок 7-14 дней	33 100	аналог, завод Иннова, срок 2-4 дня, цену уточняйте	47 200	аналог, из комплектующих Tirsan, срок 3-5 дней			/kardanyi_valy/img/tirsan/	tirsan-rs-dvuh-sharnyrnye.png							XS 180		Ø15х4				120x4	48x135.2	UJ.68740.07.02					25			110														0.2	0.2	2,02	
55	Вал карданный TIRSAN L=636 на КАМАЗ-65228	636	RS.93645.01.02	КАМАЗ-ТИРСАН	val-kardannyj-tirsan-l-636-na-kamaz-65228-rs936450102	/kardanyi_valy/catalog/kamaz-tirsan/						КАМАЗ-65228				42 800	TIRSAN, Турция, срок 7-14 дней	30 000	аналог, завод Иннова, срок 2-4 дня, цену уточняйте	42 800	аналог, из комплектующих Tirsan, срок 3-5 дней			/kardanyi_valy/img/tirsan/	tirsan-rs-dvuh-sharnyrnye.png							XS 180		Ø15х4				120x4	52x147.2	UJ.68745.07.02					25			110														0.2	0.2	0,69	
57	Вал карданный TIRSAN L=1396 на КАМАЗ	1396	RS.93645.02.02	КАМАЗ-ТИРСАН	val-kardannyj-tirsan-l-1396-na-kamaz-rs936450202	/kardanyi_valy/catalog/kamaz-tirsan/			6520-2205011-14			КАМАЗ				45 200	TIRSAN, Турция, срок 7-14 дней	31 700	аналог, завод Иннова, срок 2-4 дня, цену уточняйте	45 200	аналог, из комплектующих Tirsan, срок 3-5 дней			/kardanyi_valy/img/tirsan/	tirsan-rs-dvuh-sharnyrnye.png							XS 180		Ø15х4				120x4	52x147.2	UJ.68745.07.02					25			110														0.2	0.2	1,45	
59	Вал карданный TIRSAN L=1761 на КАМАЗ-5360	1761	RS.93645.03.02	КАМАЗ-ТИРСАН	val-kardannyj-tirsan-l-1761-na-kamaz-5360-rs936450302	/kardanyi_valy/catalog/kamaz-tirsan/						КАМАЗ-5360				47 000	TIRSAN, Турция, срок 7-14 дней	32 900	аналог, завод Иннова, срок 2-4 дня, цену уточняйте	47 000	аналог, из комплектующих Tirsan, срок 3-5 дней			/kardanyi_valy/img/tirsan/	tirsan-rs-dvuh-sharnyrnye.png							XS 180		Ø15х4				120x4	52x147.2	UJ.68745.07.02					25			110														0.2	0.2	1,81	
61	Вал карданный TIRSAN L=1752 на КАМАЗ-6540	1752	RS.93645.04.02	КАМАЗ-ТИРСАН	val-kardannyj-tirsan-l-1752-na-kamaz-6540-rs936450402	/kardanyi_valy/catalog/kamaz-tirsan/						КАМАЗ-6540				47 000	TIRSAN, Турция, срок 7-14 дней	32 900	аналог, завод Иннова, срок 2-4 дня, цену уточняйте	47 000	аналог, из комплектующих Tirsan, срок 3-5 дней			/kardanyi_valy/img/tirsan/	tirsan-rs-dvuh-sharnyrnye.png							XS 180		Ø15х4				120x4	52x147.2	UJ.68745.07.02					25			110														0.2	0.2	1,8	
63	Вал карданный TIRSAN L=1594 на КАМАЗ-6522	1594	RS.93645.06.02	КАМАЗ-ТИРСАН	val-kardannyj-tirsan-l-1594-na-kamaz-6522-rs936450602	/kardanyi_valy/catalog/kamaz-tirsan/						КАМАЗ-6522				45 700	TIRSAN, Турция, срок 7-14 дней	32 000	аналог, завод Иннова, срок 2-4 дня, цену уточняйте	45 700	аналог, из комплектующих Tirsan, срок 3-5 дней			/kardanyi_valy/img/tirsan/	tirsan-rs-dvuh-sharnyrnye.png							XS 154						120x4	52x147.2	UJ.68745.07.02					27			110														0.2	0.2	1,64	
65	Вал карданный TIRSAN L=1602 на КАМАЗ-65115	1602	RS.93645.07.02	КАМАЗ-ТИРСАН	val-kardannyj-tirsan-l-1602-na-kamaz-65115-rs936450702	/kardanyi_valy/catalog/kamaz-tirsan/						КАМАЗ-65115				45 900	TIRSAN, Турция, срок 7-14 дней	32 200	аналог, завод Иннова, срок 2-4 дня, цену уточняйте	45 900	аналог, из комплектующих Tirsan, срок 3-5 дней			/kardanyi_valy/img/tirsan/	tirsan-rs-dvuh-sharnyrnye.png							XS 154						120x4	52x147.2	UJ.68745.11.02					27			110														0.2	0.2	1,65	
67	Вал карданный TIRSAN L=1425 на КАМАЗ-6520,-65201	1425	RS.93655.01.02	КАМАЗ-ТИРСАН	val-kardannyj-tirsan-l-1425-na-kamaz-6520-65201-rs936550102	/kardanyi_valy/catalog/kamaz-tirsan/			45104-2205003-90			КАМАЗ-6520,-65201				57 700	TIRSAN, Турция, срок 7-14 дней	40 400	аналог, завод Иннова, срок 2-4 дня, цену уточняйте	57 700	аналог, из комплектующих Tirsan, срок 3-5 дней			/kardanyi_valy/img/tirsan/	tirsan-rs-dvuh-sharnyrnye.png							XS 180		Ø15х4				120x6	57x152	UJ.68755.12.02					25			110														0.2	0.2	1,48	
69	Вал карданный TIRSAN L=1396 на КАМАЗ-6520	1396	RS.93655.02.02	КАМАЗ-ТИРСАН	val-kardannyj-tirsan-l-1396-na-kamaz-6520-rs936550202	/kardanyi_valy/catalog/kamaz-tirsan/			6520-2205011-14			КАМАЗ-6520				57 400	TIRSAN, Турция, срок 7-14 дней	40 200	аналог, завод Иннова, срок 2-4 дня, цену уточняйте	57 400	аналог, из комплектующих Tirsan, срок 3-5 дней			/kardanyi_valy/img/tirsan/	tirsan-rs-dvuh-sharnyrnye.png							XS 180		Ø15х4				120x6	57x152	UJ.68755.12.02					25			110														0.2	0.2	1,45	
71	Вал карданный TIRSAN L=1888 на КАМАЗ-6520	1888	RS.93655.03.02	КАМАЗ-ТИРСАН	val-kardannyj-tirsan-l-1888-na-kamaz-6520-rs936550302	/kardanyi_valy/catalog/kamaz-tirsan/						КАМАЗ-6520				59 800	TIRSAN, Турция, срок 7-14 дней	41 900	аналог, завод Иннова, срок 2-4 дня, цену уточняйте	59 800	аналог, из комплектующих Tirsan, срок 3-5 дней			/kardanyi_valy/img/tirsan/	tirsan-rs-dvuh-sharnyrnye.png							XS 180		Ø15х4				120x6	57x152	UJ.68755.12.02					25			110														0.2	0.2	1,94	
73	Вал карданный TIRSAN L=1867 на КАМАЗ	1867	RS.93655.04.02	КАМАЗ-ТИРСАН	val-kardannyj-tirsan-l-1867-na-kamaz-rs936550402	/kardanyi_valy/catalog/kamaz-tirsan/						КАМАЗ				59 200	TIRSAN, Турция, срок 7-14 дней	41 500	аналог, завод Иннова, срок 2-4 дня, цену уточняйте	59 200	аналог, из комплектующих Tirsan, срок 3-5 дней			/kardanyi_valy/img/tirsan/	tirsan-rs-dvuh-sharnyrnye.png							XS 180		Ø15х4				120x6	57x152	UJ.68755.12.02					25			110														0.2	0.2	1,92	
75	Вал карданный TIRSAN L=1922 на КАМАЗ-6520	1922	RS.93655.05.02	КАМАЗ-ТИРСАН	val-kardannyj-tirsan-l-1922-na-kamaz-6520-rs936550502	/kardanyi_valy/catalog/kamaz-tirsan/			45104-2205007-90			КАМАЗ-6520				59 400	TIRSAN, Турция, срок 7-14 дней	41 600	аналог, завод Иннова, срок 2-4 дня, цену уточняйте	59 400	аналог, из комплектующих Tirsan, срок 3-5 дней			/kardanyi_valy/img/tirsan/	tirsan-rs-dvuh-sharnyrnye.png							XS 180		Ø15х4				120x6	57x152	UJ.68755.12.02					25			110														0.2	0.2	1,97	
77	Вал карданный TIRSAN L=860 на КАМАЗ-6460	860	RS.93655.06.02	КАМАЗ-ТИРСАН	val-kardannyj-tirsan-l-860-na-kamaz-6460-rs936550602	/kardanyi_valy/catalog/kamaz-tirsan/			6460Г-2205011-41			КАМАЗ-6460				53 100	TIRSAN, Турция, срок 7-14 дней	37 200	аналог, завод Иннова, срок 2-4 дня, цену уточняйте	53 100	аналог, из комплектующих Tirsan, срок 3-5 дней			/kardanyi_valy/img/tirsan/	tirsan-rs-dvuh-sharnyrnye.png							XS 180		Ø15х4				120x6	57x152	UJ.68755.12.02					25			110														0.2	0.2	0,91	
79	Вал карданный TIRSAN L=1935 на КАМАЗ-5460,-5490	1935	RS.93655.07.02	КАМАЗ-ТИРСАН	val-kardannyj-tirsan-l-1935-na-kamaz-5460-5490-rs936550702	/kardanyi_valy/catalog/kamaz-tirsan/						КАМАЗ-5460,-5490				60 200	TIRSAN, Турция, срок 7-14 дней	42 200	аналог, завод Иннова, срок 2-4 дня, цену уточняйте	60 200	аналог, из комплектующих Tirsan, срок 3-5 дней			/kardanyi_valy/img/tirsan/	tirsan-rs-dvuh-sharnyrnye.png							XS 180		Ø15х4				120x6	57x152	UJ.68755.12.02					25			110														0.2	0.2	1,99	
81	Вал карданный TIRSAN L=1064 на КАМАЗ-6520	1064	RS.93655.15.02	КАМАЗ-ТИРСАН	val-kardannyj-tirsan-l-1064-na-kamaz-6520-rs936551502	/kardanyi_valy/catalog/kamaz-tirsan/			6520-2205011-70			КАМАЗ-6520				55 800	TIRSAN, Турция, срок 7-14 дней	39 100	аналог, завод Иннова, срок 2-4 дня, цену уточняйте	55 800	аналог, из комплектующих Tirsan, срок 3-5 дней			/kardanyi_valy/img/tirsan/	tirsan-rs-dvuh-sharnyrnye.png							XS 180		Ø15х4				120x6	57x152	UJ.68755.12.02					25			110														0.2	0.2	1,11	
83	Вал карданный TIRSAN L=1410 на КАМАЗ-65201	1410	RS.93655.19.02	КАМАЗ-ТИРСАН	val-kardannyj-tirsan-l-1410-na-kamaz-65201-rs936551902	/kardanyi_valy/catalog/kamaz-tirsan/						КАМАЗ-65201				57 400	TIRSAN, Турция, срок 7-14 дней	40 200	аналог, завод Иннова, срок 2-4 дня, цену уточняйте	57 400	аналог, из комплектующих Tirsan, срок 3-5 дней			/kardanyi_valy/img/tirsan/	tirsan-rs-dvuh-sharnyrnye.png							XS 180		Ø15х4				120x6	57x152	UJ.68755.12.02					25			110														0.2	0.2	1,46	
85	Вал карданный TIRSAN L=849 на КАМАЗ-6460	849	RS.93655.21.02	КАМАЗ-ТИРСАН	val-kardannyj-tirsan-l-849-na-kamaz-6460-rs936552102	/kardanyi_valy/catalog/kamaz-tirsan/			4240-2201011			КАМАЗ-6460				53 100	TIRSAN, Турция, срок 7-14 дней	37 200	аналог, завод Иннова, срок 2-4 дня, цену уточняйте	53 100	аналог, из комплектующих Tirsan, срок 3-5 дней			/kardanyi_valy/img/tirsan/	tirsan-rs-dvuh-sharnyrnye.png							XS 180		Ø15х4				120x6	57x152	UJ.68755.12.02					25			110														0.2	0.2	0,9	
87	Вал карданный TIRSAN L=1700 на КАМАЗ-5460,-65201	1700	RS.93655.22.02	КАМАЗ-ТИРСАН	val-kardannyj-tirsan-l-1700-na-kamaz-5460-65201-rs936552202	/kardanyi_valy/catalog/kamaz-tirsan/						КАМАЗ-5460,-65201				58 200	TIRSAN, Турция, срок 7-14 дней	40 800	аналог, завод Иннова, срок 2-4 дня, цену уточняйте	58 200	аналог, из комплектующих Tirsan, срок 3-5 дней			/kardanyi_valy/img/tirsan/	tirsan-rs-dvuh-sharnyrnye.png							XS 180		Ø15х4				120x6	57x152	UJ.68755.12.02					25			110														0.2	0.2	1,75	
89	Вал карданный TIRSAN L=1204 на КАМАЗ-65222	1204	RS.93655.23.02	КАМАЗ-ТИРСАН	val-kardannyj-tirsan-l-1204-na-kamaz-65222-rs936552302	/kardanyi_valy/catalog/kamaz-tirsan/			65222-2205011			КАМАЗ-65222				55 600	TIRSAN, Турция, срок 7-14 дней	39 000	аналог, завод Иннова, срок 2-4 дня, цену уточняйте	55 600	аналог, из комплектующих Tirsan, срок 3-5 дней			/kardanyi_valy/img/tirsan/	tirsan-rs-dvuh-sharnyrnye.png							XS 180		Ø15х4				120x6	57x152	UJ.68755.12.02					25			110														0.2	0.2	1,25	
91	Вал карданный TIRSAN L=1466 на КАМАЗ-63501	1466	RS.93655.24.02	КАМАЗ-ТИРСАН	val-kardannyj-tirsan-l-1466-na-kamaz-63501-rs936552402	/kardanyi_valy/catalog/kamaz-tirsan/						КАМАЗ-63501				58 000	TIRSAN, Турция, срок 7-14 дней	40 600	аналог, завод Иннова, срок 2-4 дня, цену уточняйте	58 000	аналог, из комплектующих Tirsan, срок 3-5 дней			/kardanyi_valy/img/tirsan/	tirsan-rs-dvuh-sharnyrnye.png							XS 180		Ø15х4				120x6	57x152	UJ.68755.12.02					25			110														0.2	0.2	1,52	
93	Вал карданный TIRSAN L=1275 на КАМАЗ-6560	1275	RS.93655.25.02	КАМАЗ-ТИРСАН	val-kardannyj-tirsan-l-1275-na-kamaz-6560-rs936552502	/kardanyi_valy/catalog/kamaz-tirsan/			4308-2202011-72			КАМАЗ-6560				55 600	TIRSAN, Турция, срок 7-14 дней	39 000	аналог, завод Иннова, срок 2-4 дня, цену уточняйте	55 600	аналог, из комплектующих Tirsan, срок 3-5 дней			/kardanyi_valy/img/tirsan/	tirsan-rs-dvuh-sharnyrnye.png							XS 180		Ø15х4				120x6	57x152	UJ.68755.12.02					25			110														0.2	0.2	1,33	
95	Вал карданный TIRSAN L=1003 на КАМАЗ-6560	1003	RS.93655.26.02	КАМАЗ-ТИРСАН	val-kardannyj-tirsan-l-1003-na-kamaz-6560-rs936552602	/kardanyi_valy/catalog/kamaz-tirsan/						КАМАЗ-6560				55 000	TIRSAN, Турция, срок 7-14 дней	38 500	аналог, завод Иннова, срок 2-4 дня, цену уточняйте	55 000	аналог, из комплектующих Tirsan, срок 3-5 дней			/kardanyi_valy/img/tirsan/	tirsan-rs-dvuh-sharnyrnye.png							XS 180		Ø15х4				120x6	57x152	UJ.68755.12.02					25			110														0.2	0.2	1,05	
97	Вал карданный TIRSAN L=809 на КАМАЗ-63501	809	RS.93655.27.02	КАМАЗ-ТИРСАН	val-kardannyj-tirsan-l-809-na-kamaz-63501-rs936552702	/kardanyi_valy/catalog/kamaz-tirsan/						КАМАЗ-63501				54 000	TIRSAN, Турция, срок 7-14 дней	37 800	аналог, завод Иннова, срок 2-4 дня, цену уточняйте	54 000	аналог, из комплектующих Tirsan, срок 3-5 дней			/kardanyi_valy/img/tirsan/	tirsan-rs-dvuh-sharnyrnye.png							XS 180		Ø15х4				120x6	57x152	UJ.68755.12.02					25			110														0.2	0.2	0,86	
99	Вал карданный TIRSAN L=715 на КАМАЗ-63501	715	RS.93655.28.02	КАМАЗ-ТИРСАН	val-kardannyj-tirsan-l-715-na-kamaz-63501-rs936552802	/kardanyi_valy/catalog/kamaz-tirsan/						КАМАЗ-63501				52 800	TIRSAN, Турция, срок 7-14 дней	37 000	аналог, завод Иннова, срок 2-4 дня, цену уточняйте	52 800	аналог, из комплектующих Tirsan, срок 3-5 дней			/kardanyi_valy/img/tirsan/	tirsan-rs-dvuh-sharnyrnye.png							XS 180		Ø15х4				120x6	57x152	UJ.68755.12.02					25			110														0.2	0.2	0,77	
101	Вал карданный TIRSAN L=648 на КАМАЗ-6560	648	RS.93655.29.02	КАМАЗ-ТИРСАН	val-kardannyj-tirsan-l-648-na-kamaz-6560-rs936552902	/kardanyi_valy/catalog/kamaz-tirsan/						КАМАЗ-6560				53 200	TIRSAN, Турция, срок 7-14 дней	37 300	аналог, завод Иннова, срок 2-4 дня, цену уточняйте	53 200	аналог, из комплектующих Tirsan, срок 3-5 дней			/kardanyi_valy/img/tirsan/	tirsan-rs-dvuh-sharnyrnye.png							XS 180		Ø15х4				120x6	57x152	UJ.68755.12.02					25			110														0.2	0.2	0,7	
103	Вал карданный TIRSAN L=1057 на КАМАЗ-6520	1057	RS.93655.30.02	КАМАЗ-ТИРСАН	val-kardannyj-tirsan-l-1057-na-kamaz-6520-rs936553002	/kardanyi_valy/catalog/kamaz-tirsan/			53254-2201011-01			КАМАЗ-6520				55 800	TIRSAN, Турция, срок 7-14 дней	39 100	аналог, завод Иннова, срок 2-4 дня, цену уточняйте	55 800	аналог, из комплектующих Tirsan, срок 3-5 дней			/kardanyi_valy/img/tirsan/	tirsan-rs-dvuh-sharnyrnye.png							XS 180		Ø15х4				120x6	57x152	UJ.68755.12.02					25			110														0.2	0.2	1,11	
105	Вал карданный TIRSAN L=1344 на КАМАЗ-6520	1344	RS.93655.31.02	КАМАЗ-ТИРСАН	val-kardannyj-tirsan-l-1344-na-kamaz-6520-rs936553102	/kardanyi_valy/catalog/kamaz-tirsan/			6520-2205011-19			КАМАЗ-6520				56 000	TIRSAN, Турция, срок 7-14 дней	39 200	аналог, завод Иннова, срок 2-4 дня, цену уточняйте	56 000	аналог, из комплектующих Tirsan, срок 3-5 дней			/kardanyi_valy/img/tirsan/	tirsan-rs-dvuh-sharnyrnye.png							XS 180		Ø15х4				120x6	57x152	UJ.68755.12.02					25			110														0.2	0.2	1,39	
107	Вал карданный TIRSAN L=1237 на КАМАЗ-6520	1237	RS.93655.32.02	КАМАЗ-ТИРСАН	val-kardannyj-tirsan-l-1237-na-kamaz-6520-rs936553202	/kardanyi_valy/catalog/kamaz-tirsan/						КАМАЗ-6520				55 500	TIRSAN, Турция, срок 7-14 дней	38 900	аналог, завод Иннова, срок 2-4 дня, цену уточняйте	55 500	аналог, из комплектующих Tirsan, срок 3-5 дней			/kardanyi_valy/img/tirsan/	tirsan-rs-dvuh-sharnyrnye.png							XS 180		Ø15х4				120x6	57x152	UJ.68755.12.02					25			110														0.2	0.2	1,29	
109	Вал карданный TIRSAN L=1640 на КАМАЗ-65205	1640	RS.93655.33.02	КАМАЗ-ТИРСАН	val-kardannyj-tirsan-l-1640-na-kamaz-65205-rs936553302	/kardanyi_valy/catalog/kamaz-tirsan/						КАМАЗ-65205				58 200	TIRSAN, Турция, срок 7-14 дней	40 800	аналог, завод Иннова, срок 2-4 дня, цену уточняйте	58 200	аналог, из комплектующих Tirsan, срок 3-5 дней			/kardanyi_valy/img/tirsan/	tirsan-rs-dvuh-sharnyrnye.png							XS 180		Ø15х4				120x6	57x152	UJ.68755.12.02					25			110														0.2	0.2	1,69	
111	Вал карданный TIRSAN L=1884 на КАМАЗ-5460	1884	RS.93655.34.02	КАМАЗ-ТИРСАН	val-kardannyj-tirsan-l-1884-na-kamaz-5460-rs936553402	/kardanyi_valy/catalog/kamaz-tirsan/						КАМАЗ-5460				59 800	TIRSAN, Турция, срок 7-14 дней	41 900	аналог, завод Иннова, срок 2-4 дня, цену уточняйте	59 800	аналог, из комплектующих Tirsan, срок 3-5 дней			/kardanyi_valy/img/tirsan/	tirsan-rs-dvuh-sharnyrnye.png							XS 180		Ø15х4				120x6	57x152	UJ.68755.12.02					25			110														0.2	0.2	1,93	
113	Вал карданный TIRSAN L=2023 на КАМАЗ-65201	2023	RS.93655.35.02	КАМАЗ-ТИРСАН	val-kardannyj-tirsan-l-2023-na-kamaz-65201-rs936553502	/kardanyi_valy/catalog/kamaz-tirsan/						КАМАЗ-65201				60 600	TIRSAN, Турция, срок 7-14 дней	42 500	аналог, завод Иннова, срок 2-4 дня, цену уточняйте	60 600	аналог, из комплектующих Tirsan, срок 3-5 дней			/kardanyi_valy/img/tirsan/	tirsan-rs-dvuh-sharnyrnye.png							XS 180		Ø15х4				120x6	57x152	UJ.68755.12.02					25			110														0.2	0.2	2,07	
115	Вал карданный TIRSAN L=1478 на КАМАЗ-6520	1478	RS.93655.36.02	КАМАЗ-ТИРСАН	val-kardannyj-tirsan-l-1478-na-kamaz-6520-rs936553602	/kardanyi_valy/catalog/kamaz-tirsan/						КАМАЗ-6520				57 700	TIRSAN, Турция, срок 7-14 дней	40 400	аналог, завод Иннова, срок 2-4 дня, цену уточняйте	57 700	аналог, из комплектующих Tirsan, срок 3-5 дней			/kardanyi_valy/img/tirsan/	tirsan-rs-dvuh-sharnyrnye.png							XS 180		Ø15х4				120x6	57x152	UJ.68755.12.02					25			110														0.2	0.2	1,53	
117	Вал карданный TIRSAN L=1256 на КАМАЗ-63501	1256	RS.93660.01.02	КАМАЗ-ТИРСАН	val-kardannyj-tirsan-l-1256-na-kamaz-63501-rs936600102	/kardanyi_valy/catalog/kamaz-tirsan/						КАМАЗ-63501				69 100	TIRSAN, Турция, срок 7-14 дней	48 400	аналог, завод Иннова, срок 2-4 дня, цену уточняйте	69 100	аналог, из комплектующих Tirsan, срок 3-5 дней			/kardanyi_valy/img/tirsan/	tirsan-rs-dvuh-sharnyrnye.png							XS 180		Ø15х4				130x6	59x167.7	UJ.68760.04.02					25			110														0.2	0.2	1,31	
119	Вал карданный TIRSAN L=1190 на КАМАЗ-6522	1190	RS.93660.02.02	КАМАЗ-ТИРСАН	val-kardannyj-tirsan-l-1190-na-kamaz-6522-rs936600202	/kardanyi_valy/catalog/kamaz-tirsan/						КАМАЗ-6522				68 700	TIRSAN, Турция, срок 7-14 дней	48 100	аналог, завод Иннова, срок 2-4 дня, цену уточняйте	68 700	аналог, из комплектующих Tirsan, срок 3-5 дней			/kardanyi_valy/img/tirsan/	tirsan-rs-dvuh-sharnyrnye.png							XS 180		Ø15х4				130x6	59x167.7	UJ.68760.04.02					25			110														0.2	0.2	1,24	
121	Вал карданный TIRSAN L=1275 на КАМАЗ-6560	1275	RS.93660.03.02	КАМАЗ-ТИРСАН	val-kardannyj-tirsan-l-1275-na-kamaz-6560-rs936600302	/kardanyi_valy/catalog/kamaz-tirsan/			4308-2202011-72			КАМАЗ-6560				69 300	TIRSAN, Турция, срок 7-14 дней	48 600	аналог, завод Иннова, срок 2-4 дня, цену уточняйте	69 300	аналог, из комплектующих Tirsan, срок 3-5 дней			/kardanyi_valy/img/tirsan/	tirsan-rs-dvuh-sharnyrnye.png							XS 180		Ø15х4				130x6	59x167.7	UJ.68760.04.02					25			110														0.2	0.2	1,33	
123	Вал карданный TIRSAN L=1741 на КАМАЗ-63501	1741	RS.93660.04.02	КАМАЗ-ТИРСАН	val-kardannyj-tirsan-l-1741-na-kamaz-63501-rs936600402	/kardanyi_valy/catalog/kamaz-tirsan/						КАМАЗ-63501				76 100	TIRSAN, Турция, срок 7-14 дней	53 300	аналог, завод Иннова, срок 2-4 дня, цену уточняйте	76 100	аналог, из комплектующих Tirsan, срок 3-5 дней			/kardanyi_valy/img/tirsan/	tirsan-rs-dvuh-sharnyrnye.png							XS 180		Ø15х4				130x6	59x167.7	UJ.68760.04.02					25			110														0.2	0.2	1,79	
125	Вал карданный TIRSAN L=742 на КАМАЗ-65228	742	RS.93660.05.02	КАМАЗ-ТИРСАН	val-kardannyj-tirsan-l-742-na-kamaz-65228-rs936600502	/kardanyi_valy/catalog/kamaz-tirsan/						КАМАЗ-65228				65 300	TIRSAN, Турция, срок 7-14 дней	45 800	аналог, завод Иннова, срок 2-4 дня, цену уточняйте	65 300	аналог, из комплектующих Tirsan, срок 3-5 дней			/kardanyi_valy/img/tirsan/	tirsan-rs-dvuh-sharnyrnye.png							XS 180		Ø15х4				130x6	59x167.7	UJ.68760.04.02					25			110														0.2	0.2	0,79	
127	Вал карданный TIRSAN L=677 на КАМАЗ-6522,-65226	677	RS.93660.06.02	КАМАЗ-ТИРСАН	val-kardannyj-tirsan-l-677-na-kamaz-6522-65226-rs936600602	/kardanyi_valy/catalog/kamaz-tirsan/						КАМАЗ-6522,-65226				64 800	TIRSAN, Турция, срок 7-14 дней	45 400	аналог, завод Иннова, срок 2-4 дня, цену уточняйте	64 800	аналог, из комплектующих Tirsan, срок 3-5 дней			/kardanyi_valy/img/tirsan/	tirsan-rs-dvuh-sharnyrnye.png							XS 180		Ø15х4				130x6	59x167.7	UJ.68760.04.02					25			110														0.2	0.2	0,73	
129	Вал карданный TIRSAN L=1424 на КАМАЗ-6520	1424	RS.93660.07.02	КАМАЗ-ТИРСАН	val-kardannyj-tirsan-l-1424-na-kamaz-6520-rs936600702	/kardanyi_valy/catalog/kamaz-tirsan/						КАМАЗ-6520				73 800	TIRSAN, Турция, срок 7-14 дней	51 700	аналог, завод Иннова, срок 2-4 дня, цену уточняйте	73 800	аналог, из комплектующих Tirsan, срок 3-5 дней			/kardanyi_valy/img/tirsan/	tirsan-rs-dvuh-sharnyrnye.png							XS 180		Ø15х4				130x6	59x167.7	UJ.68760.04.02					25			110														0.2	0.2	1,47	
131	Вал карданный TIRSAN L=2023 на КАМАЗ-65201	2023	RS.93660.08.02	КАМАЗ-ТИРСАН	val-kardannyj-tirsan-l-2023-na-kamaz-65201-rs936600802	/kardanyi_valy/catalog/kamaz-tirsan/						КАМАЗ-65201				78 200	TIRSAN, Турция, срок 7-14 дней	54 800	аналог, завод Иннова, срок 2-4 дня, цену уточняйте	78 200	аналог, из комплектующих Tirsan, срок 3-5 дней			/kardanyi_valy/img/tirsan/	tirsan-rs-dvuh-sharnyrnye.png							XS 180		Ø15х4				130x6	59x167.7	UJ.68760.04.02					25			110														0.2	0.2	2,07	
133	Вал карданный TIRSAN L=1064 на КАМАЗ	1064	RS.93660.09.02	КАМАЗ-ТИРСАН	val-kardannyj-tirsan-l-1064-na-kamaz-rs936600902	/kardanyi_valy/catalog/kamaz-tirsan/			6520-2205011-70			КАМАЗ				71 100	TIRSAN, Турция, срок 7-14 дней	49 800	аналог, завод Иннова, срок 2-4 дня, цену уточняйте	71 100	аналог, из комплектующих Tirsan, срок 3-5 дней			/kardanyi_valy/img/tirsan/	tirsan-rs-dvuh-sharnyrnye.png							XS 180		Ø15х4				130x6	59x167.7	UJ.68760.04.02					25			110														0.2	0.2	1,11	
135	Вал карданный TIRSAN L=850 на КАМАЗ	850	RS.93660.10.02	КАМАЗ-ТИРСАН	val-kardannyj-tirsan-l-850-na-kamaz-rs936601002	/kardanyi_valy/catalog/kamaz-tirsan/			45104-2205002-90			КАМАЗ				66 100	TIRSAN, Турция, срок 7-14 дней	46 300	аналог, завод Иннова, срок 2-4 дня, цену уточняйте	66 100	аналог, из комплектующих Tirsan, срок 3-5 дней			/kardanyi_valy/img/tirsan/	tirsan-rs-dvuh-sharnyrnye.png							XS 180		Ø15х4				130x6	59x167.7	UJ.68760.04.02					25			110														0.2	0.2	0,9	
137	Вал карданный TIRSAN L=1738 на КАМАЗ	1738	RS.93665.05.02	КАМАЗ-ТИРСАН	val-kardannyj-tirsan-l-1738-na-kamaz-rs936650502	/kardanyi_valy/catalog/kamaz-tirsan/						КАМАЗ				83 400	TIRSAN, Турция, срок 7-14 дней	58 400	аналог, завод Иннова, срок 2-4 дня, цену уточняйте	83 400	аналог, из комплектующих Tirsan, срок 3-5 дней			/kardanyi_valy/img/tirsan/	tirsan-rs-dvuh-sharnyrnye.png							XS 180		Ø15х4				140x5	65x172	UJ.68765.03.02					25			110														0.2	0.2	1,79	
139	Вал карданный TIRSAN L=1058 на КАМАЗ-4308, -65226	1058	RS.93665.08.02	КАМАЗ-ТИРСАН	val-kardannyj-tirsan-l-1058-na-kamaz-4308-65226-rs936650802	/kardanyi_valy/catalog/kamaz-tirsan/						КАМАЗ-4308, -65226				79 700	TIRSAN, Турция, срок 7-14 дней	55 800	аналог, завод Иннова, срок 2-4 дня, цену уточняйте	79 700	аналог, из комплектующих Tirsan, срок 3-5 дней			/kardanyi_valy/img/tirsan/	tirsan-rs-dvuh-sharnyrnye.png							XS 180		Ø15х4				140x5	65x172	UJ.68765.03.02					25			110														0.2	0.2	1,11	
141	Вал карданный TIRSAN L=1837 на КАМАЗ-65228	1837	RS.93665.09.02	КАМАЗ-ТИРСАН	val-kardannyj-tirsan-l-1837-na-kamaz-65228-rs936650902	/kardanyi_valy/catalog/kamaz-tirsan/						КАМАЗ-65228				84 600	TIRSAN, Турция, срок 7-14 дней	59 300	аналог, завод Иннова, срок 2-4 дня, цену уточняйте	84 600	аналог, из комплектующих Tirsan, срок 3-5 дней			/kardanyi_valy/img/tirsan/	tirsan-rs-dvuh-sharnyrnye.png							XS 180		Ø15х4				140x5	65x172	UJ.68765.03.02					25			110														0.2	0.2	1,89	
143	Вал карданный TIRSAN L=684 на КАМАЗ-65201, -6522, -65225	684	SC.93645.01.02	КАМАЗ-ТИРСАН	val-kardannyj-tirsan-l-684-na-kamaz-65201-6522-65225-sc936450102	/kardanyi_valy/catalog/kamaz-tirsan/			45104-2205112-90			КАМАЗ-65201, -6522, -65225				48 500	TIRSAN, Турция, срок 7-14 дней	34 000	аналог, завод Иннова, срок 2-4 дня, цену уточняйте	48 500	аналог, из комплектующих Tirsan, срок 3-5 дней			/kardanyi_valy/img/tirsan/	tirsan-sс-bez-truby.png							XS 180		Ø15х4					52x147.2	UJ.68745.16.02					44			180														0.2	0.2	0,73	
145	Вал карданный TIRSAN L=541 на КАМАЗ-65228	541	SC.93645.02.02	КАМАЗ-ТИРСАН	val-kardannyj-tirsan-l-541-na-kamaz-65228-sc936450202	/kardanyi_valy/catalog/kamaz-tirsan/						КАМАЗ-65228				49 300	TIRSAN, Турция, срок 7-14 дней	34 600	аналог, завод Иннова, срок 2-4 дня, цену уточняйте	49 300	аналог, из комплектующих Tirsan, срок 3-5 дней			/kardanyi_valy/img/tirsan/	tirsan-sс-bez-truby.png							XS 180		Ø15х4					52x147.2	UJ.68745.16.02					25			110														0.2	0.2	0,59	
147	Вал карданный TIRSAN L=604 на КАМАЗ-6522	604	SC.93655.01.02	КАМАЗ-ТИРСАН	val-kardannyj-tirsan-l-604-na-kamaz-6522-sc936550102	/kardanyi_valy/catalog/kamaz-tirsan/			45104-2205013-90			КАМАЗ-6522				51 500	TIRSAN, Турция, срок 7-14 дней	36 100	аналог, завод Иннова, срок 2-4 дня, цену уточняйте	51 500	аналог, из комплектующих Tirsan, срок 3-5 дней			/kardanyi_valy/img/tirsan/	tirsan-sс-bez-truby.png							XS 180		Ø15х4					57x152	UJ.68755.12.02					25			110														0.2	0.2	0,65	
149	Вал карданный TIRSAN L=477 на КАМАЗ-6522, -65222	477	SC.93655.02.02	КАМАЗ-ТИРСАН	val-kardannyj-tirsan-l-477-na-kamaz-6522-65222-sc936550202	/kardanyi_valy/catalog/kamaz-tirsan/			45104-2202003-90			КАМАЗ-6522, -65222				53 000	TIRSAN, Турция, срок 7-14 дней	37 100	аналог, завод Иннова, срок 2-4 дня, цену уточняйте	53 000	аналог, из комплектующих Tirsan, срок 3-5 дней			/kardanyi_valy/img/tirsan/	tirsan-sс-bez-truby.png							XS 180		Ø15х4					57x152	UJ.68755.12.02					25			55														0.2	0.2	0,53	
151	Вал карданный TIRSAN L=602 на КАМАЗ-65227	602	SC.93655.03.02	КАМАЗ-ТИРСАН	val-kardannyj-tirsan-l-602-na-kamaz-65227-sc936550302	/kardanyi_valy/catalog/kamaz-tirsan/						КАМАЗ-65227				51 500	TIRSAN, Турция, срок 7-14 дней	36 100	аналог, завод Иннова, срок 2-4 дня, цену уточняйте	51 500	аналог, из комплектующих Tirsan, срок 3-5 дней			/kardanyi_valy/img/tirsan/	tirsan-sс-bez-truby.png							XS 180		Ø15х4					57x152	UJ.68755.12.02					25			110														0.2	0.2	0,65	
153	Вал карданный TIRSAN L=590 на КАМАЗ-65225	590	SC.93660.01.02	КАМАЗ-ТИРСАН	val-kardannyj-tirsan-l-590-na-kamaz-65225-sc936600102	/kardanyi_valy/catalog/kamaz-tirsan/			45104-2205035-90			КАМАЗ-65225				63 800	TIRSAN, Турция, срок 7-14 дней	44 700	аналог, завод Иннова, срок 2-4 дня, цену уточняйте	63 800	аналог, из комплектующих Tirsan, срок 3-5 дней			/kardanyi_valy/img/tirsan/	tirsan-sс-bez-truby.png							XS 180		Ø15х4					59x167.7	UJ.68760.04.02					25			110														0.2	0.2	0,64	
155	Вал карданный TIRSAN L=504 на КАМАЗ-65225	504	SC.93665.01.02	КАМАЗ-ТИРСАН	val-kardannyj-tirsan-l-504-na-kamaz-65225-sc936650102	/kardanyi_valy/catalog/kamaz-tirsan/						КАМАЗ-65225				82 400	TIRSAN, Турция, срок 7-14 дней	57 700	аналог, завод Иннова, срок 2-4 дня, цену уточняйте	82 400	аналог, из комплектующих Tirsan, срок 3-5 дней			/kardanyi_valy/img/tirsan/	tirsan-sс-bez-truby.png							XS 180		Ø15х4					65x172	UJ.68765.03.02					15			70														0.2	0.2	0,55	
157	Вал карданный TIRSAN L=514 на КАМАЗ	514	SC.93665.03.02	КАМАЗ-ТИРСАН	val-kardannyj-tirsan-l-514-na-kamaz-sc936650302	/kardanyi_valy/catalog/kamaz-tirsan/						КАМАЗ				82 400	TIRSAN, Турция, срок 7-14 дней	57 700	аналог, завод Иннова, срок 2-4 дня, цену уточняйте	82 400	аналог, из комплектующих Tirsan, срок 3-5 дней			/kardanyi_valy/img/tirsan/	tirsan-sс-bez-truby.png							XS 180		Ø15х4					65x172	UJ.68765.03.02					15			70														0.2	0.2	0,56	
159	Вал карданный TIRSAN L=479 на КАМАЗ-65222	479	SC.93665.02.02	КАМАЗ-ТИРСАН	val-kardannyj-tirsan-l-479-na-kamaz-65222-sc936650202	/kardanyi_valy/catalog/kamaz-tirsan/			45104-2202010-90			КАМАЗ-65222				82 400	TIRSAN, Турция, срок 7-14 дней	57 700	аналог, завод Иннова, срок 2-4 дня, цену уточняйте	82 400	аналог, из комплектующих Tirsan, срок 3-5 дней			/kardanyi_valy/img/tirsan/	tirsan-sс-bez-truby.png							XS 180		Ø15х4					65x172	UJ.68765.03.02					15			70														0.2	0.2	0,53	